iteracion,familia,epoch,train_loss,val_loss,val_acc,val_precision,val_recall,val_f1,t_epoch,t_acum
CNN-1,CNN desde cero,1,1.3047416227764554,1.20188447265625,0.5646,0.6238783977477314,0.5646,0.5519266901963616,9.233067499999379,9.233067499999379
CNN-1,CNN desde cero,2,0.8814486148940193,0.9706781127929688,0.6658,0.7203603166443653,0.6658000000000001,0.6712121922559108,0.8327057999995304,10.06577329999891
CNN-1,CNN desde cero,3,0.7091175483597649,1.0779216064453125,0.6262,0.7487657857370615,0.6261999999999999,0.6275747712397034,0.7000169999992067,10.765790299998116
CNN-1,CNN desde cero,4,0.5975865669886271,0.8564554382324219,0.7056,0.7684226955653963,0.7056,0.7085816498294022,0.7323402000001806,11.498130499998297
CNN-1,CNN desde cero,5,0.5152576496918996,0.8715573974609375,0.7118,0.7916696795223244,0.7117999999999999,0.7131745882199311,0.7409729999999399,12.239103499998237
CNN-1,CNN desde cero,6,0.45781078595055474,0.6712817626953125,0.768,0.809793821437356,0.768,0.7690854302082083,0.6826866000010341,12.92179009999927
CNN-1,CNN desde cero,7,0.40100674143897164,0.8108675354003906,0.7398,0.7911982823703949,0.7398,0.7403258985647432,0.7658209000001079,13.687610999999379
CNN-1,CNN desde cero,8,0.35190390866597493,0.6182864440917969,0.796,0.807146334648761,0.7959999999999999,0.7922129050323525,0.7394833000016661,14.427094300001045
CNN-1,CNN desde cero,9,0.30605962476200527,0.7565185363769531,0.7668,0.8033909961854979,0.7668,0.7706586219544684,0.7501178000002255,15.17721210000127
CNN-1,CNN desde cero,10,0.26612978314293756,0.8277146118164063,0.761,0.8070056459466812,0.7610000000000001,0.7578147482396334,0.682714999999007,15.859927100000277
CNN-1,CNN desde cero,11,0.23206821395556132,0.8588698303222656,0.7494,0.802799711565741,0.7494000000000001,0.7570322282495429,0.66205600000103,16.521983100001307
CNN-1,CNN desde cero,12,0.20345415574974485,0.8988006774902344,0.744,0.8028509893747824,0.744,0.7427670035096166,0.7143168999991758,17.236300000000483
CNN-1,CNN desde cero,13,0.16713879574669732,0.9267760925292968,0.7468,0.7921125280415117,0.7468,0.742362316351309,0.7785997000009957,18.01489970000148
CNN-1,CNN desde cero,14,0.14266911568641663,0.85440107421875,0.779,0.8136326092280051,0.7790000000000001,0.7796296506164488,0.679015800000343,18.693915500001822
CNN-1,CNN desde cero,15,0.12313211896419525,0.9820108337402343,0.7576,0.8037587136712652,0.7576,0.7571829521683241,0.6654385999991064,19.359354100000928
CNN-1,CNN desde cero,16,0.10477742908265855,0.7457935363769531,0.7994,0.8114757721712211,0.7993999999999999,0.7970408347917269,0.6764560999999958,20.035810200000924
CNN-1,CNN desde cero,17,0.08766158905824026,0.7299925354003907,0.8032,0.8197024071272129,0.8032,0.8045483669344075,0.6719886000009865,20.70779880000191
CNN-1,CNN desde cero,18,0.06946760765711467,0.7961221801757813,0.7974,0.8174182478711112,0.7973999999999999,0.7951254020133252,0.6633631000004243,21.371161900002335
CNN-1,CNN desde cero,19,0.05646669633520974,0.8799194091796875,0.7942,0.8197335413674862,0.7941999999999999,0.799401465804437,0.7376870999996754,22.10884900000201
CNN-1,CNN desde cero,20,0.0621422919816441,1.0041102905273438,0.7632,0.7943892010597615,0.7632000000000001,0.762811438718954,0.7718944999996893,22.8807435000017
CNN-2,CNN desde cero,1,1.8283164176940918,1.3256663208007813,0.5188,0.5230886615426019,0.5187999999999999,0.503705405524576,8.584291899998789,8.584291899998789
CNN-2,CNN desde cero,2,1.342322624482049,1.084760333251953,0.6022,0.6201530869964781,0.6022,0.5985890912202023,1.4905816999998933,10.074873599998682
CNN-2,CNN desde cero,3,1.120080921787686,0.9697984313964844,0.6586,0.6804629490353548,0.6586,0.6588147493916429,1.425167599998531,11.500041199997213
CNN-2,CNN desde cero,4,0.9815841346316867,0.8534780822753906,0.7042,0.7390386089953491,0.7041999999999999,0.7054908169421256,1.4127145000002201,12.912755699997433
CNN-2,CNN desde cero,5,0.8783530380884806,0.7417301940917969,0.7386,0.752190467907415,0.7386,0.7371725606885906,1.4139777000000322,14.326733399997465
CNN-2,CNN desde cero,6,0.8061199250539144,0.6526443542480469,0.7756,0.7821368916225231,0.7756000000000001,0.772827958605155,1.4099681000006967,15.736701499998162
CNN-2,CNN desde cero,7,0.7383857616424561,0.6599492858886719,0.7736,0.7954699610039405,0.7736,0.775693583566125,1.4201558000004297,17.15685729999859
CNN-2,CNN desde cero,8,0.6978016305393643,0.6147357055664062,0.7856,0.7965178129958372,0.7856000000000001,0.782567752376342,1.4201168999989022,18.576974199997494
CNN-2,CNN desde cero,9,0.6491960716459486,0.5225557434082031,0.8218,0.8212372603204537,0.8218,0.8203753648291485,1.4188016999996762,19.99577589999717
CNN-2,CNN desde cero,10,0.6157413590113322,0.5084750396728516,0.8194,0.8211973954807513,0.8193999999999999,0.8193157460748596,1.415497799998775,21.411273699995945
CNN-2,CNN desde cero,11,0.5785945161236657,0.48874964904785156,0.8296,0.8347445514577133,0.8295999999999999,0.8301564100915158,1.4175510000004579,22.828824699996403
CNN-2,CNN desde cero,12,0.5495651025030348,0.47940382080078126,0.8362,0.840911446291053,0.8362,0.8353590561561728,1.4148545000007289,24.243679199997132
CNN-2,CNN desde cero,13,0.525731822988722,0.4411378967285156,0.8438,0.8491783434080826,0.8438000000000001,0.8441676981758965,1.404380999998466,25.648060199995598
CNN-2,CNN desde cero,14,0.5023803482214609,0.42002554321289065,0.8522,0.8539421029166381,0.8522000000000001,0.8522348074374586,1.413125699999,27.061185899994598
CNN-2,CNN desde cero,15,0.4790567221111722,0.4131566802978516,0.857,0.8604014644090622,0.857,0.8563777286454279,1.410636799999338,28.471822699993936
CNN-2,CNN desde cero,16,0.45685838379330107,0.3926271942138672,0.8648,0.8643823331556538,0.8648,0.8639511452710836,1.409895900000265,29.8817185999942
CNN-2,CNN desde cero,17,0.4374927955839369,0.3876374114990234,0.8672,0.8713452954873656,0.8672000000000001,0.8674584674284983,1.4152672000000166,31.296985799994218
CNN-2,CNN desde cero,18,0.4168648418479496,0.3800112213134766,0.8702,0.8714551700267024,0.8702,0.8701327073878421,1.4050567999984196,32.70204259999264
CNN-2,CNN desde cero,19,0.4037079595141941,0.35962062683105467,0.8754,0.8773032421541689,0.8754000000000002,0.8752364672601175,1.4129033000008349,34.11494589999347
CNN-2,CNN desde cero,20,0.3897548105345832,0.35976259460449217,0.874,0.8737809261150673,0.874,0.8728140288837679,1.4139904000003298,35.5289362999938
CNN-2,CNN desde cero,21,0.3698283000999027,0.3487945831298828,0.8792,0.8802251605765896,0.8791999999999998,0.8785226663283211,1.40549959999953,36.93443589999333
CNN-2,CNN desde cero,22,0.3562813669628567,0.33909432678222656,0.881,0.8821603288022761,0.881,0.880882761982725,1.4301510999994207,38.36458699999275
CNN-2,CNN desde cero,23,0.34497298929426407,0.32634505920410156,0.886,0.8862352563174968,0.8860000000000001,0.8856961802171031,1.4260164000006625,39.790603399993415
CNN-2,CNN desde cero,24,0.33728700414763557,0.3292268493652344,0.8862,0.885454597059477,0.8862,0.8852191794155946,1.422475499999564,41.21307889999298
CNN-2,CNN desde cero,25,0.3270782965766059,0.32710838317871094,0.8844,0.886188733322973,0.8844000000000001,0.8843372012092183,1.4273682000002736,42.64044709999325
CNN-2,CNN desde cero,26,0.31940795017613305,0.3201786163330078,0.888,0.8883212998050416,0.8879999999999999,0.8878004925225337,1.4163300999989588,44.05677719999221
CNN-2,CNN desde cero,27,0.3158121428675122,0.31592507629394534,0.8882,0.8877828110408534,0.8882,0.8878125444797142,1.4349025999999867,45.4916797999922
CNN-2,CNN desde cero,28,0.3080506677150726,0.3143260009765625,0.889,0.8888533461485473,0.889,0.8887604971873374,1.4283611000009842,46.92004089999318
CNN-2,CNN desde cero,29,0.3070691532029046,0.31317711791992187,0.8886,0.8883035471527873,0.8886000000000001,0.8883565521131918,1.431085099999109,48.35112599999229
CNN-2,CNN desde cero,30,0.3072676576031579,0.3129931427001953,0.8898,0.8897527882226648,0.8897999999999999,0.8896356623731598,1.422121399999014,49.773247399991305
CNN-3,CNN desde cero,1,1.705095249578688,1.24522978515625,0.5338,0.5544389837039474,0.5338,0.5281981863855524,4.452301499999521,4.452301499999521
CNN-3,CNN desde cero,2,1.2839563217163086,1.0800291748046875,0.6168,0.6558836782608986,0.6168,0.6081069867642754,1.7423965999987558,6.194698099998277
CNN-3,CNN desde cero,3,1.0736520807478163,0.7924184143066406,0.7184,0.7241025229585601,0.7184,0.7182320070393956,1.7554667000003974,7.950164799998674
CNN-3,CNN desde cero,4,0.9304754263559977,0.7067184448242188,0.7506,0.756635214246298,0.7506,0.749592971183802,1.727055900000778,9.677220699999452
CNN-3,CNN desde cero,5,0.8427252885182699,0.8332502868652344,0.7134,0.7473482098123858,0.7133999999999999,0.7122988546210309,1.7267771000006178,11.40399780000007
CNN-3,CNN desde cero,6,0.7633331678814358,0.7418104248046875,0.7546,0.784352902546837,0.7546,0.7498258653767947,1.7167331000000559,13.120730900000126
CNN-3,CNN desde cero,7,0.6987981534004212,0.6132173522949219,0.7878,0.8068917638899471,0.7878000000000001,0.7891827927089434,1.7163457999995444,14.83707669999967
CNN-3,CNN desde cero,8,0.6515918072594536,0.5375175689697266,0.8196,0.8234485898541983,0.8196,0.8177788088600335,1.7213246999999683,16.55840139999964
CNN-3,CNN desde cero,9,0.6046561536259122,0.5303861145019532,0.8212,0.8349521862504996,0.8211999999999999,0.8211838262609967,1.712856500000271,18.27125789999991
CNN-3,CNN desde cero,10,0.5661791706826952,0.5228974609375,0.819,0.8297243966902578,0.819,0.8179665576378442,1.728138199998284,19.999396099998194
CNN-3,CNN desde cero,11,0.5372621298631032,0.4845854217529297,0.8324,0.8469627684350384,0.8324,0.8328857549618396,1.7183314000012615,21.717727499999455
CNN-3,CNN desde cero,12,0.5081587682618035,0.5040881378173828,0.8256,0.8398184387044824,0.8256,0.8239891147999441,1.7146216000001004,23.432349099999556
CNN-3,CNN desde cero,13,0.4764348841190338,0.4065086700439453,0.8628,0.8632776581174124,0.8628,0.8614038415133194,1.7177824999998847,25.15013159999944
CNN-3,CNN desde cero,14,0.4625749638504452,0.4062171813964844,0.8634,0.8662834486920383,0.8634000000000001,0.8622360732378519,1.7187888999997085,26.86892049999915
CNN-3,CNN desde cero,15,0.44432192003991866,0.4193101470947266,0.8554,0.862222949452034,0.8554,0.8560128216064531,1.7293779000010545,28.598298400000203
CNN-3,CNN desde cero,16,0.4234120339923435,0.39379706420898436,0.8682,0.8719032961952096,0.8682000000000001,0.8683391245487379,1.7160466000004817,30.314345000000685
CNN-3,CNN desde cero,17,0.4075983727614085,0.40221478271484373,0.8628,0.8663442968541449,0.8628,0.861930617656977,1.7111631000007037,32.02550810000139
CNN-3,CNN desde cero,18,0.40066884473694697,0.38423088989257814,0.8694,0.8741193536248408,0.8694000000000001,0.8686296019021247,1.7334673999994266,33.758975500000815
CNN-3,CNN desde cero,19,0.3838755755318536,0.39929594116210937,0.866,0.8748843523061771,0.866,0.8670479888770828,1.7367974999997386,35.495773000000554
CNN-3,CNN desde cero,20,0.3738871127075619,0.3616069793701172,0.8782,0.8815749888546092,0.8782,0.8785554706193255,1.7399693999996089,37.23574240000016
CNN-3,CNN desde cero,21,0.36467120951016746,0.3603984649658203,0.88,0.8833987863056173,0.8800000000000001,0.8794219021915872,1.728233800000453,38.963976200000616
CNN-3,CNN desde cero,22,0.3583691983911726,0.36218104858398437,0.879,0.8789444117014795,0.8789999999999999,0.8776088414410765,1.7264649999997346,40.69044120000035
CNN-3,CNN desde cero,23,0.34264316404130724,0.3583318115234375,0.8828,0.8839139004615977,0.8827999999999999,0.8804343884649846,1.7133510000003298,42.40379220000068
CNN-3,CNN desde cero,24,0.32972023317548965,0.33024163818359376,0.8916,0.8939507053568526,0.8916000000000001,0.8901549903867847,1.7268447000005835,44.130636900001264
CNN-3,CNN desde cero,25,0.32109674010806616,0.35275404052734377,0.8784,0.8839430961726716,0.8784000000000001,0.8791587528109321,1.7207877000000735,45.85142460000134
CNN-3,CNN desde cero,26,0.30802639926274616,0.3473095458984375,0.882,0.8867181158153388,0.8819999999999999,0.881213265227552,1.7205174999999144,47.57194210000125
CNN-3,CNN desde cero,27,0.299197671090232,0.31639268493652345,0.8974,0.8999131142247604,0.8974,0.8972713866373576,1.7162620000017341,49.288204100002986
CNN-3,CNN desde cero,28,0.28149433863957724,0.31717929382324217,0.8972,0.8980151700736808,0.8972000000000001,0.8966874241370186,1.7239187000013771,51.01212280000436
CNN-3,CNN desde cero,29,0.2681101308822632,0.3034833694458008,0.9002,0.9004542275999314,0.9002000000000001,0.8999082519288828,1.7183914999986882,52.73051430000305
CNN-3,CNN desde cero,30,0.25662674537499747,0.30466756286621094,0.9012,0.9018680544330877,0.9012,0.9003097417982093,1.7219403999988572,54.45245470000191
CNN-3,CNN desde cero,31,0.2350214853922526,0.28540619201660156,0.9058,0.9058044216810923,0.9057999999999998,0.9055299009230477,1.7436361000000034,56.19609080000191
CNN-3,CNN desde cero,32,0.22026997519069247,0.28689284362792966,0.9038,0.9044506146621878,0.9038,0.9035834712679621,1.7322394999991957,57.92833030000111
CNN-3,CNN desde cero,33,0.20136576680342355,0.28248136291503906,0.9064,0.9075122676701189,0.9064,0.9060233515893827,1.7130490999988979,59.641379400000005
CNN-3,CNN desde cero,34,0.18133349612818825,0.2685956787109375,0.9128,0.9137913444900624,0.9127999999999998,0.9129272513731189,1.7343676000000414,61.37574700000005
CNN-3,CNN desde cero,35,0.16630911939409043,0.26479145202636717,0.9132,0.9143820523617225,0.9132,0.912884994709971,1.7201556999989407,63.09590269999899
CNN-3,CNN desde cero,36,0.14873560246891446,0.25550692443847656,0.9188,0.918683536003439,0.9188000000000001,0.9186014047954394,1.7137547000002087,64.8096573999992
CNN-3,CNN desde cero,37,0.1339333471828037,0.25019789276123044,0.9192,0.919351890077972,0.9192,0.9190112007841332,1.7156673000008595,66.52532470000006
CNN-3,CNN desde cero,38,0.1211217911110984,0.25137768249511716,0.92,0.9199132763130253,0.9199999999999999,0.9197598282291155,1.7295745000010356,68.25489920000109
CNN-3,CNN desde cero,39,0.11493066915671031,0.2455115966796875,0.9222,0.9220330274873131,0.9221999999999999,0.9219416494834501,1.7099535000015749,69.96485270000267
CNN-3,CNN desde cero,40,0.1139170190943612,0.2469000961303711,0.9222,0.9221370866502104,0.9221999999999999,0.9219466172467055,1.718796699999075,71.68364940000174
FE-1,VGG-16 feature extractor,1,0.6361685863176981,0.46231566772460936,0.8376,0.8376542709376036,0.8375999999999999,0.8369674636058628,14.230633000001035,14.230633000001035
FE-1,VGG-16 feature extractor,2,0.566311583826277,0.4651868621826172,0.8384,0.8428107406413121,0.8384,0.838153450688025,12.231210199999623,26.461843200000658
FE-1,VGG-16 feature extractor,3,0.5626202902581957,0.4751670654296875,0.8296,0.8344554666886165,0.8295999999999999,0.8266820536891574,12.236694700000953,38.69853790000161
FE-1,VGG-16 feature extractor,4,0.5575128442976209,0.44910916442871096,0.8448,0.8472579052270396,0.8448,0.844749800343737,12.228159500000402,50.92669740000201
FE-1,VGG-16 feature extractor,5,0.5539950351026323,0.4429377471923828,0.8474,0.8498293640076577,0.8474,0.8471612011153857,12.258632200000648,63.18532960000266
FE-1,VGG-16 feature extractor,6,0.5623554778310987,0.4600398376464844,0.8458,0.8483259010065352,0.8458,0.8457581920439967,12.232278299999962,75.41760790000262
FE-2,VGG-16 feature extractor,1,0.5203289889865451,0.36834356384277345,0.8708,0.8728497032557188,0.8708,0.8701898670434682,20.859912599999006,20.859912599999006
FE-2,VGG-16 feature extractor,2,0.3025531157228682,0.3351853973388672,0.8878,0.8901286861038209,0.8878,0.8876456590753046,20.72448869999971,41.58440129999872
FE-2,VGG-16 feature extractor,3,0.20289195153713227,0.3490884582519531,0.8806,0.8854904830752378,0.8805999999999999,0.8797451585026209,20.72098719999849,62.30538849999721
FE-2,VGG-16 feature extractor,4,0.13147047492927974,0.3295904693603516,0.8924,0.8927797765896047,0.8924000000000001,0.8920640686217626,20.721573400000125,83.02696189999733
FE-2,VGG-16 feature extractor,5,0.08491420133908589,0.36719691467285154,0.8928,0.8935481337141841,0.8928,0.8930187596517797,20.73159940000005,103.75856129999738
FE-2,VGG-16 feature extractor,6,0.06255412472287813,0.39694363403320315,0.8918,0.8937941856797564,0.8918000000000001,0.8921222569707637,20.71359080000002,124.4721520999974
FE-3,VGG-16 feature extractor,1,0.8203864693747627,0.43478706359863284,0.845,0.8494478920125127,0.845,0.8428036322176456,22.150048200001038,22.150048200001038
FE-3,VGG-16 feature extractor,2,0.4630078995651669,0.37203081970214846,0.866,0.867623372676146,0.866,0.864869601401297,21.892725699999573,44.04277390000061
FE-3,VGG-16 feature extractor,3,0.4042428024927775,0.35402561645507813,0.8724,0.873901231330853,0.8724000000000001,0.8713836788552021,21.876514999999927,65.91928890000054
FE-3,VGG-16 feature extractor,4,0.36239032484160527,0.3450340972900391,0.8748,0.8765673846576723,0.8748000000000001,0.8737668710725295,21.89063569999962,87.80992460000016
FE-3,VGG-16 feature extractor,5,0.3247214449829525,0.3343438873291016,0.8794,0.8833692304902684,0.8793999999999998,0.8787633039723326,21.872920499999964,109.68284510000012
FE-3,VGG-16 feature extractor,6,0.29370468526416355,0.3211857208251953,0.889,0.8902047113429934,0.889,0.8887916829424578,21.890032500001325,131.57287760000145
FE-3,VGG-16 feature extractor,7,0.2678649324629042,0.3096194595336914,0.8946,0.8947806720822079,0.8946,0.8942914930002388,21.87391949999983,153.44679710000128
FE-3,VGG-16 feature extractor,8,0.24141501383516523,0.31379282073974607,0.8946,0.8951414049698607,0.8946,0.8942907940346494,22.57585139999901,176.0226485000003
FE-3,VGG-16 feature extractor,9,0.22666798855463663,0.31293592071533205,0.8948,0.8952951364110285,0.8947999999999998,0.8943424010429949,22.75335450000057,198.77600300000086
FE-3,VGG-16 feature extractor,10,0.22036812223593394,0.3119935531616211,0.8944,0.8946007623407943,0.8943999999999999,0.8939482069246754,22.116881199999625,220.89288420000048
FT-1,VGG-16 fine-tuning,1,0.743663366678026,0.3898788848876953,0.8632,0.8669940295421632,0.8632000000000002,0.8614686877338192,24.85034689999884,24.85034689999884
FT-1,VGG-16 fine-tuning,2,0.37915706232918633,0.30418179931640627,0.895,0.8946785351286888,0.8949999999999999,0.894374000714472,23.599402499999997,48.44974939999884
FT-1,VGG-16 fine-tuning,3,0.30857839188045927,0.2780204315185547,0.9026,0.902542067573506,0.9026,0.9021210129666638,23.591301500000554,72.04105089999939
FT-1,VGG-16 fine-tuning,4,0.25906412161191306,0.27152547454833986,0.9014,0.9025633692846317,0.9014000000000001,0.9008944289627431,23.602339999999458,95.64339089999885
FT-1,VGG-16 fine-tuning,5,0.2167147042804294,0.2681456527709961,0.9046,0.9064777095005885,0.9046,0.9041564472440327,23.5822962000002,119.22568709999905
FT-1,VGG-16 fine-tuning,6,0.18963676339122984,0.25917616271972654,0.9134,0.9143025532559561,0.9134,0.9132572132175998,23.581617699999697,142.80730479999875
FT-1,VGG-16 fine-tuning,7,0.16972849017779032,0.2555560592651367,0.9134,0.9135221595190588,0.9133999999999999,0.913207976801302,23.59611749999931,166.40342229999806
FT-1,VGG-16 fine-tuning,8,0.15992908158037397,0.25618015594482424,0.9158,0.9160426090573832,0.9158,0.9155333685713417,23.59563420000086,189.99905649999891
FT-2,VGG-16 fine-tuning,1,0.682534524430169,0.345282275390625,0.8768,0.8832456051725295,0.8767999999999999,0.8740956296928744,30.29541960000097,30.29541960000097
FT-2,VGG-16 fine-tuning,2,0.3018260171307458,0.250437255859375,0.9168,0.9171772430218537,0.9168,0.9166617406655627,27.84319300000061,58.13861260000158
FT-2,VGG-16 fine-tuning,3,0.23100089288817513,0.22602054443359376,0.9228,0.9228565220331676,0.9228,0.9226807805635435,27.849517900000137,85.98813050000172
FT-2,VGG-16 fine-tuning,4,0.18217182295587328,0.22831334075927734,0.925,0.9253871460106564,0.925,0.9246217599957578,27.931695299999774,113.91982580000149
FT-2,VGG-16 fine-tuning,5,0.14601793183220757,0.2188990951538086,0.9266,0.926822778330471,0.9266,0.9265315292046237,28.107333500000095,142.02715930000159
FT-2,VGG-16 fine-tuning,6,0.12152170290019777,0.22008156280517577,0.928,0.9281684483403388,0.9279999999999999,0.9279079192838777,28.063979599999584,170.09113890000117
FT-2,VGG-16 fine-tuning,7,0.1045051888955964,0.22183138275146486,0.9302,0.9299533007195212,0.9301999999999999,0.9299969125106845,27.928977499999746,198.02011640000092
FT-2,VGG-16 fine-tuning,8,0.09533118732902739,0.2221641159057617,0.9298,0.9295332871016377,0.9297999999999998,0.9295608838223585,27.90715679999994,225.92727320000085
FT-3,VGG-16 fine-tuning,1,0.6603883210553063,0.3113422149658203,0.8898,0.8948604057919527,0.8897999999999999,0.8878496706054182,34.95670919999975,34.95670919999975
FT-3,VGG-16 fine-tuning,2,0.2761453224076165,0.23295049591064454,0.9232,0.9235307122727663,0.9231999999999999,0.9229387228711454,32.48677999999927,67.44348919999902
FT-3,VGG-16 fine-tuning,3,0.2096423393673367,0.2057761184692383,0.929,0.9290163173005913,0.929,0.9288495366585823,32.53342949999933,99.97691869999835
FT-3,VGG-16 fine-tuning,4,0.15996405478583442,0.203585986328125,0.9322,0.9323829792260987,0.9322000000000001,0.9320757728485317,32.50958100000025,132.4864996999986
FT-3,VGG-16 fine-tuning,5,0.12635588648054336,0.19296376190185546,0.9402,0.9403607637104626,0.9401999999999999,0.940156335065305,32.48850719999973,164.97500689999833
FT-3,VGG-16 fine-tuning,6,0.10088204332987467,0.1958111083984375,0.9418,0.9419190285687884,0.9418000000000001,0.941749418489106,32.499225400000796,197.47423229999913
FT-3,VGG-16 fine-tuning,7,0.08685318692790138,0.19862137908935548,0.942,0.9419624547007184,0.942,0.9418762301894791,32.501354699999865,229.975586999999
FT-3,VGG-16 fine-tuning,8,0.07866665512190925,0.198994482421875,0.943,0.9429047493246815,0.943,0.942867575749248,32.62697069999922,262.6025576999982
FT-4,VGG-16 fine-tuning,1,0.6168927912129296,0.2753055648803711,0.9088,0.9087186754521618,0.9088,0.9080404536100758,28.173728400000982,28.173728400000982
FT-4,VGG-16 fine-tuning,2,0.24249224364492628,0.2366061767578125,0.9224,0.922566955511597,0.9224,0.921872750089754,27.980205699999715,56.1539341000007
FT-4,VGG-16 fine-tuning,3,0.1724168668826421,0.21141888427734376,0.9328,0.9330131388330709,0.9328,0.9320525982388339,27.97513500000059,84.12906910000129
FT-4,VGG-16 fine-tuning,4,0.11672987422413296,0.19662473449707032,0.9416,0.9414662815106631,0.9416,0.9414119740873467,28.020289399999456,112.14935850000074
FT-4,VGG-16 fine-tuning,5,0.0801603306611379,0.19852545318603515,0.9404,0.9404958122789336,0.9403999999999998,0.9401975684051134,27.953411600001346,140.1027701000021
FT-4,VGG-16 fine-tuning,6,0.055724686768154306,0.2141726593017578,0.9412,0.9411336702661697,0.9412,0.9410788552218996,27.937976799999888,168.04074690000198
FT-4,VGG-16 fine-tuning,7,0.040760273249281775,0.2220436752319336,0.9426,0.942515320111791,0.9426,0.9424629665659155,27.917102100000193,195.95784900000217
FT-4,VGG-16 fine-tuning,8,0.03407022018159429,0.22083404693603514,0.9446,0.94440473175171,0.9446,0.9444406452435429,27.217229899999438,223.1750789000016
