iteracion,familia,descripcion,params_totales,params_entrenables,epochs,mejor_epoch,val_acc,val_precision,val_recall,val_f1,val_loss,t_epoch_medio,t_total,t_hasta_mejor,memoria_pico_mb
CNN-1,CNN desde cero,"3 bloques (32, 64, 128), sin augmentation ni dropout, Adam 1e-3 constante",288746,288746,20,17,0.8032,0.8197024071272129,0.8032,0.8045483669344075,0.7299925354003907,1.144037175000085,22.8807435000017,20.70779880000191,1033.46630859375
CNN-2,CNN desde cero,"3 bloques (64, 128, 256), augmentation, dropout 0.3, AdamW 1e-3 coseno",1148874,1148874,30,30,0.8898,0.8897527882226648,0.8897999999999999,0.8896356623731598,0.3129931427001953,1.659108246666377,49.773247399991305,49.773247399991305,1202.16064453125
CNN-3,CNN desde cero,"4 bloques (64 a 512), augmentation, dropout 0.3, SGD OneCycle 0.1",4692426,4692426,40,40,0.9222,0.9221370866502104,0.9221999999999999,0.9219466172467055,0.2469000961303711,1.7920912350000435,71.68364940000174,71.68364940000174,1138.86083984375
FE-1,VGG-16 feature extractor,"solo la última capa entrenable, sin augmentation, Adam 1e-3",134301514,40970,6,5,0.8474,0.8498293640076577,0.8474,0.8471612011153857,0.4429377471923828,12.569601316667104,75.41760790000262,63.18532960000266,7327.70166015625
FE-2,VGG-16 feature extractor,"clasificador completo entrenable, sin augmentation, Adam 1e-4",134301514,119586826,6,5,0.8928,0.8935481337141841,0.8928,0.8930187596517797,0.36719691467285154,20.7453586833329,124.4721520999974,103.75856129999738,4945.62841796875
FE-3,VGG-16 feature extractor,"clasificador completo, augmentation, AdamW 1e-4 coseno",134301514,119586826,10,9,0.8948,0.8952951364110285,0.8947999999999998,0.8943424010429949,0.31293592071533205,22.08928842000005,220.89288420000048,198.77600300000086,4946.62841796875
FT-1,VGG-16 fine-tuning,"bloque 5 descongelado, lr backbone 1e-5, clasificador 1e-4",134301514,126666250,8,8,0.9158,0.9160426090573832,0.9158,0.9155333685713417,0.25618015594482424,23.749882062499864,189.99905649999891,189.99905649999891,5027.64599609375
FT-2,VGG-16 fine-tuning,"bloques 4 y 5 descongelados, lr backbone 1e-5, clasificador 1e-4",134301514,132566026,8,7,0.9302,0.9299533007195212,0.9301999999999999,0.9299969125106845,0.22183138275146486,28.240909150000107,225.92727320000085,198.02011640000092,5096.91357421875
FT-3,VGG-16 fine-tuning,"bloques 3, 4 y 5 descongelados, lr backbone 1e-5, clasificador 1e-4",134301514,134041354,8,8,0.943,0.9429047493246815,0.943,0.942867575749248,0.198994482421875,32.82531971249978,262.6025576999982,262.6025576999982,5114.16845703125
FT-4,VGG-16 fine-tuning,"bloques 4 y 5 descongelados, lr backbone 5e-5, clasificador 1e-4",134301514,132566026,8,8,0.9446,0.94440473175171,0.9446,0.9444406452435429,0.22083404693603514,27.8968848625002,223.1750789000016,223.1750789000016,5094.66357421875
