capa,primer_token,bos_con_prefijo,primera_palabra_con_prefijo,bert_cls,bert_sep,bert_puntuacion
1,0.23727272,0.2760017,0.08346401,0.13846348,0.0697486,0.093837135
2,0.39383727,0.3954665,0.078668,0.41898763,0.08393773,0.09563846
3,0.38743144,0.32710853,0.07540379,0.34596077,0.09423399,0.087485604
4,0.5385747,0.5237293,0.05359718,0.25838387,0.21453546,0.08114968
5,0.565596,0.54841775,0.04701882,0.048507556,0.5032596,0.05302711
6,0.74517745,0.73960614,0.028904095,0.03479724,0.5760693,0.045828443
7,0.71739984,0.70800227,0.03260458,0.037183464,0.5567796,0.04665313
8,0.804427,0.81881505,0.017662242,0.025407778,0.57149136,0.06920427
9,0.7347354,0.7359708,0.029284768,0.028226951,0.5685126,0.058854513
10,0.8222834,0.82149804,0.019446503,0.06669922,0.5318292,0.0817737
11,0.84220326,0.83504343,0.0224977,0.072376505,0.11721344,0.530029
12,0.68778026,0.6904445,0.048243847,0.030114705,0.16713808,0.5600014
