capa,BERT_normalizada,BERT_nats,GPT-2_normalizada,GPT-2_nats
1,0.7581461000288524,2.0936086,0.6840572377479096,1.3473231
2,0.6020358847095972,1.6622181,0.7328682335618368,1.4901569
3,0.547365093923317,1.511419,0.6653413869469839,1.3334732
4,0.6047375567403773,1.6687554,0.5317478469651724,1.0612744
5,0.5215412088080627,1.4407189,0.4705477938209779,0.9460197
6,0.43735407312410346,1.2078379,0.3921955871199484,0.7841151
7,0.43876122006763923,1.21155,0.4460393972861978,0.89754224
8,0.41351081147573987,1.1410073,0.3261166021207518,0.6569446
9,0.494781651697229,1.3649064,0.433011304447121,0.8625428
10,0.5303678249164526,1.46194,0.3044924108972774,0.6075406
11,0.5441942870138987,1.5029658,0.2912890165790242,0.5751214
12,0.5593242179003531,1.5459949,0.44655687168341174,0.8857656
