capa,post_ln,pre_ln
1,0.15492746233940125,0.14686337113380432
2,0.12213680148124695,0.11243882030248642
3,0.10880070179700851,0.09225113689899445
4,0.10229981690645218,0.07720309495925903
5,0.09872302412986755,0.06555666029453278
6,0.09663651138544083,0.057015497237443924
7,0.09516317397356033,0.0510856956243515
8,0.09421200305223465,0.04720132797956467
9,0.09427090734243393,0.044692493975162506
10,0.09760791808366776,0.04322248697280884
11,0.11042308807373047,0.04283776506781578
12,0.44069188833236694,0.0431545190513134
