modelo,patron,capa,cabeza,puntaje_max,promedio_todas,cabezas_sobre_0.5
BERT,token anterior,4,6,0.6510202288627625,0.07425375282764435,2
BERT,token siguiente,3,10,0.9323508739471436,0.09765641391277313,5
BERT,[CLS],2,7,0.8919559717178345,0.12542575597763062,4
BERT,[SEP],6,2,0.8523698449134827,0.3378957509994507,46
BERT,puntuación,11,2,0.7918013334274292,0.15029019117355347,17
BERT,misma palabra,3,7,0.4010772109031677,0.09648741781711578,0
GPT-2,token anterior,5,12,0.999340295791626,0.16373391449451447,2
GPT-2,primer token,8,3,0.9908493757247925,0.6230599284172058,102
GPT-2,puntuación,3,6,0.1646270602941513,0.035105448216199875,0
GPT-2,misma palabra,1,2,0.9231173396110535,0.08921333402395248,4
