d_k,escalado,peso_maximo,entropia,norma_jacobiano
4,False,0.41603291034698486,2.0934722423553467,0.2827942371368408
4,True,0.18748687207698822,2.9810853004455566,0.2399793118238449
16,False,0.6211576461791992,1.1637201309204102,0.2921794056892395
16,True,0.15747538208961487,3.039856195449829,0.23711340129375458
64,False,0.8137822151184082,0.5050879120826721,0.19386859238147736
64,True,0.16355261206626892,3.018787145614624,0.24037104845046997
256,False,0.9100756645202637,0.22796042263507843,0.11162430047988892
256,True,0.16476920247077942,3.011462688446045,0.24133533239364624
1024,False,0.9558918476104736,0.10813992470502853,0.059848982840776443
1024,True,0.16436147689819336,3.0157618522644043,0.24095992743968964
