modelo,metodo,categoria,preguntas,accuracy
SGNS,3CosAdd,capital-common-countries,380.0,0.7078947424888611
SGNS,3CosAdd,capital-world,1052.0,0.5
SGNS,3CosAdd,currency,70.0,0.0
SGNS,3CosAdd,city-in-state,1574.0,0.28526046872138977
SGNS,3CosAdd,family,342.0,0.5087719559669495
SGNS,3CosAdd,gram1-adjective-to-adverb,812.0,0.10098522156476974
SGNS,3CosAdd,gram2-opposite,272.0,0.07352941483259201
SGNS,3CosAdd,gram3-comparative,1332.0,0.46846848726272583
SGNS,3CosAdd,gram4-superlative,702.0,0.26923075318336487
SGNS,3CosAdd,gram5-present-participle,870.0,0.4080459773540497
SGNS,3CosAdd,gram6-nationality-adjective,1299.0,0.8321785926818848
SGNS,3CosAdd,gram7-past-tense,1332.0,0.6186186075210571
SGNS,3CosAdd,gram8-plural,930.0,0.4301075339317322
SGNS,3CosAdd,gram9-plural-verbs,702.0,0.2720797657966614
SGNS,3CosAdd,SEMANTICAS,,0.4148625135421753
SGNS,3CosAdd,SINTACTICAS,,0.45642951130867004
SGNS,3CosAdd,TOTAL,,0.4442540109157562
SGNS,3CosMul,capital-common-countries,380.0,0.6421052813529968
SGNS,3CosMul,capital-world,1052.0,0.43250951170921326
SGNS,3CosMul,currency,70.0,0.014285714365541935
SGNS,3CosMul,city-in-state,1574.0,0.26111817359924316
SGNS,3CosMul,family,342.0,0.4736842215061188
SGNS,3CosMul,gram1-adjective-to-adverb,812.0,0.08374384045600891
SGNS,3CosMul,gram2-opposite,272.0,0.05514705926179886
SGNS,3CosMul,gram3-comparative,1332.0,0.42267268896102905
SGNS,3CosMul,gram4-superlative,702.0,0.27920228242874146
SGNS,3CosMul,gram5-present-participle,870.0,0.32413792610168457
SGNS,3CosMul,gram6-nationality-adjective,1299.0,0.8075442314147949
SGNS,3CosMul,gram7-past-tense,1332.0,0.5300300717353821
SGNS,3CosMul,gram8-plural,930.0,0.35053762793540955
SGNS,3CosMul,gram9-plural-verbs,702.0,0.2678062617778778
SGNS,3CosMul,SEMANTICAS,,0.37244004011154175
SGNS,3CosMul,SINTACTICAS,,0.4112228751182556
SGNS,3CosMul,TOTAL,,0.3998628854751587
gensim,3CosAdd,capital-common-countries,380.0,0.4736842215061188
gensim,3CosAdd,capital-world,1052.0,0.2851710915565491
gensim,3CosAdd,currency,70.0,0.02857142873108387
gensim,3CosAdd,city-in-state,1574.0,0.21219821274280548
gensim,3CosAdd,family,342.0,0.49707603454589844
gensim,3CosAdd,gram1-adjective-to-adverb,812.0,0.11822660267353058
gensim,3CosAdd,gram2-opposite,272.0,0.10294117778539658
gensim,3CosAdd,gram3-comparative,1332.0,0.49849849939346313
gensim,3CosAdd,gram4-superlative,702.0,0.30199429392814636
gensim,3CosAdd,gram5-present-participle,870.0,0.4275861978530884
gensim,3CosAdd,gram6-nationality-adjective,1299.0,0.7936874032020569
gensim,3CosAdd,gram7-past-tense,1332.0,0.5810810923576355
gensim,3CosAdd,gram8-plural,930.0,0.3709677457809448
gensim,3CosAdd,gram9-plural-verbs,702.0,0.30911681056022644
gensim,3CosAdd,SEMANTICAS,,0.2884728014469147
gensim,3CosAdd,SINTACTICAS,,0.4531571865081787
gensim,3CosAdd,TOTAL,,0.40491899847984314
gensim,3CosMul,capital-common-countries,380.0,0.46052634716033936
gensim,3CosMul,capital-world,1052.0,0.26330798864364624
gensim,3CosMul,currency,70.0,0.014285714365541935
gensim,3CosMul,city-in-state,1574.0,0.21410419046878815
gensim,3CosMul,family,342.0,0.48830410838127136
gensim,3CosMul,gram1-adjective-to-adverb,812.0,0.10098522156476974
gensim,3CosMul,gram2-opposite,272.0,0.06985294073820114
gensim,3CosMul,gram3-comparative,1332.0,0.4902402460575104
gensim,3CosMul,gram4-superlative,702.0,0.3005698025226593
gensim,3CosMul,gram5-present-participle,870.0,0.3919540345668793
gensim,3CosMul,gram6-nationality-adjective,1299.0,0.7659738063812256
gensim,3CosMul,gram7-past-tense,1332.0,0.5307807922363281
gensim,3CosMul,gram8-plural,930.0,0.3247312009334564
gensim,3CosMul,gram9-plural-verbs,702.0,0.2905983030796051
gensim,3CosMul,SEMANTICAS,,0.27998828887939453
gensim,3CosMul,SINTACTICAS,,0.4258877635002136
gensim,3CosMul,TOTAL,,0.38315194845199585
GloVe,3CosAdd,capital-common-countries,380.0,0.928947389125824
GloVe,3CosAdd,capital-world,1052.0,0.8849809765815735
GloVe,3CosAdd,currency,70.0,0.05714285746216774
GloVe,3CosAdd,city-in-state,1574.0,0.308132141828537
GloVe,3CosAdd,family,342.0,0.8801169395446777
GloVe,3CosAdd,gram1-adjective-to-adverb,812.0,0.27586206793785095
GloVe,3CosAdd,gram2-opposite,272.0,0.2720588147640228
GloVe,3CosAdd,gram3-comparative,1332.0,0.7995495796203613
GloVe,3CosAdd,gram4-superlative,702.0,0.6082621216773987
GloVe,3CosAdd,gram5-present-participle,870.0,0.7218390703201294
GloVe,3CosAdd,gram6-nationality-adjective,1299.0,0.973825991153717
GloVe,3CosAdd,gram7-past-tense,1332.0,0.5885885953903198
GloVe,3CosAdd,gram8-plural,930.0,0.7946236729621887
GloVe,3CosAdd,gram9-plural-verbs,702.0,0.5783475637435913
GloVe,3CosAdd,SEMANTICAS,,0.6067876219749451
GloVe,3CosAdd,SINTACTICAS,,0.6801599860191345
GloVe,3CosAdd,TOTAL,,0.6586682796478271
GloVe,3CosMul,capital-common-countries,380.0,0.9105263352394104
GloVe,3CosMul,capital-world,1052.0,0.8612167239189148
GloVe,3CosMul,currency,70.0,0.05714285746216774
GloVe,3CosMul,city-in-state,1574.0,0.2770012617111206
GloVe,3CosMul,family,342.0,0.8684210777282715
GloVe,3CosMul,gram1-adjective-to-adverb,812.0,0.2783251106739044
GloVe,3CosMul,gram2-opposite,272.0,0.2389705926179886
GloVe,3CosMul,gram3-comparative,1332.0,0.7800300717353821
GloVe,3CosMul,gram4-superlative,702.0,0.6125355958938599
GloVe,3CosMul,gram5-present-participle,870.0,0.7172414064407349
GloVe,3CosMul,gram6-nationality-adjective,1299.0,0.9584295153617859
GloVe,3CosMul,gram7-past-tense,1332.0,0.5623123049736023
GloVe,3CosMul,gram8-plural,930.0,0.7548387050628662
GloVe,3CosMul,gram9-plural-verbs,702.0,0.5997151136398315
GloVe,3CosMul,SEMANTICAS,,0.581919252872467
GloVe,3CosMul,SINTACTICAS,,0.6667070388793945
GloVe,3CosMul,TOTAL,,0.6418716311454773
