modelo,analogia,primera_sin_excluir,es_consulta,es_b,es_c
SGNS,man:king :: woman:?,king,True,True,False
SGNS,man:father :: woman:?,father,True,True,False
SGNS,boy:brother :: girl:?,brother,True,True,False
SGNS,france:paris :: italy:?,paris,True,True,False
SGNS,japan:tokyo :: germany:?,berlin,False,False,False
SGNS,spain:madrid :: russia:?,russia,True,False,True
SGNS,france:french :: germany:?,german,False,False,False
SGNS,china:chinese :: japan:?,japanese,False,False,False
SGNS,mexico:mexican :: canada:?,canadian,False,False,False
SGNS,good:better :: bad:?,better,True,True,False
SGNS,big:bigger :: small:?,smaller,False,False,False
SGNS,fast:fastest :: strong:?,strong,True,False,True
SGNS,walk:walked :: run:?,run,True,False,True
SGNS,go:went :: see:?,went,True,True,False
SGNS,play:playing :: sing:?,sing,True,False,True
SGNS,car:cars :: child:?,child,True,False,True
SGNS,city:cities :: mouse:?,mouse,True,False,True
gensim,man:king :: woman:?,king,True,True,False
gensim,man:father :: woman:?,father,True,True,False
gensim,boy:brother :: girl:?,brother,True,True,False
gensim,france:paris :: italy:?,paris,True,True,False
gensim,japan:tokyo :: germany:?,berlin,False,False,False
gensim,spain:madrid :: russia:?,madrid,True,True,False
gensim,france:french :: germany:?,german,False,False,False
gensim,china:chinese :: japan:?,japanese,False,False,False
gensim,mexico:mexican :: canada:?,canadian,False,False,False
gensim,good:better :: bad:?,better,True,True,False
gensim,big:bigger :: small:?,larger,False,False,False
gensim,fast:fastest :: strong:?,strong,True,False,True
gensim,walk:walked :: run:?,walked,True,True,False
gensim,go:went :: see:?,saw,False,False,False
gensim,play:playing :: sing:?,sing,True,False,True
gensim,car:cars :: child:?,child,True,False,True
gensim,city:cities :: mouse:?,mouse,True,False,True
GloVe,man:king :: woman:?,king,True,True,False
GloVe,man:father :: woman:?,mother,False,False,False
GloVe,boy:brother :: girl:?,brother,True,True,False
GloVe,france:paris :: italy:?,rome,False,False,False
GloVe,japan:tokyo :: germany:?,frankfurt,False,False,False
GloVe,spain:madrid :: russia:?,moscow,False,False,False
GloVe,france:french :: germany:?,german,False,False,False
GloVe,china:chinese :: japan:?,japanese,False,False,False
GloVe,mexico:mexican :: canada:?,canadian,False,False,False
GloVe,good:better :: bad:?,bad,True,False,True
GloVe,big:bigger :: small:?,larger,False,False,False
GloVe,fast:fastest :: strong:?,strongest,False,False,False
GloVe,walk:walked :: run:?,run,True,False,True
GloVe,go:went :: see:?,saw,False,False,False
GloVe,play:playing :: sing:?,sing,True,False,True
GloVe,car:cars :: child:?,child,True,False,True
GloVe,city:cities :: mouse:?,mouse,True,False,True
