iteracion,paso,perdida
SGNS-1,500,2.7727890625
SGNS-1,1000,2.440410400390625
SGNS-1,1500,2.361324951171875
SGNS-1,2000,2.320404052734375
SGNS-1,2500,2.294623779296875
SGNS-1,3000,2.276188720703125
SGNS-1,3500,2.26245361328125
SGNS-1,4000,2.251201904296875
SGNS-1,4500,2.243892578125
SGNS-1,5000,2.23687744140625
SGNS-1,5500,1.3269117431640625
SGNS-1,6000,2.203834228515625
SGNS-1,6500,2.20273779296875
SGNS-1,7000,2.200907958984375
SGNS-1,7500,2.19921923828125
SGNS-1,8000,2.19770361328125
SGNS-1,8500,2.19661279296875
SGNS-1,9000,2.1945048828125
SGNS-1,9500,2.193103271484375
SGNS-1,10000,2.191941162109375
SGNS-1,10500,0.4462073974609375
SGNS-1,11000,2.16617236328125
SGNS-1,11500,2.168306884765625
SGNS-1,12000,2.168290771484375
SGNS-1,12500,2.16871044921875
SGNS-1,13000,2.16843408203125
SGNS-1,13500,2.168276611328125
SGNS-1,14000,2.16734326171875
SGNS-1,14500,2.167156005859375
SGNS-1,15000,2.16692822265625
SGNS-1,15500,2.16638916015625
SGNS-1,16000,1.73493115234375
SGNS-1,16500,2.14900927734375
SGNS-1,17000,2.14920703125
SGNS-1,17500,2.1502021484375
SGNS-1,18000,2.150383056640625
SGNS-1,18500,2.150687255859375
SGNS-1,19000,2.149574951171875
SGNS-1,19500,2.150043212890625
SGNS-1,20000,2.149727783203125
SGNS-1,20500,2.1487919921875
SGNS-1,21000,0.8797507934570312
SGNS-1,21500,2.136030517578125
SGNS-1,22000,2.13639306640625
SGNS-1,22500,2.136782470703125
SGNS-1,23000,2.1377666015625
SGNS-1,23500,2.13692138671875
SGNS-1,24000,2.136536376953125
SGNS-1,24500,2.1368505859375
SGNS-1,25000,2.136697021484375
SGNS-1,25500,2.136447509765625
SGNS-2,500,2.834079833984375
SGNS-2,1000,2.4824462890625
SGNS-2,1500,2.394389892578125
SGNS-2,2000,2.349317626953125
SGNS-2,2500,2.322041259765625
SGNS-2,3000,2.3029404296875
SGNS-2,3500,2.288984619140625
SGNS-2,4000,2.27806494140625
SGNS-2,4500,2.2708447265625
SGNS-2,5000,2.263957275390625
SGNS-2,5500,1.349881103515625
SGNS-2,6000,2.240762939453125
SGNS-2,6500,2.238882080078125
SGNS-2,7000,2.2364287109375
SGNS-2,7500,2.234448974609375
SGNS-2,8000,2.23259423828125
SGNS-2,8500,2.23160205078125
SGNS-2,9000,2.229401123046875
SGNS-2,9500,2.227994873046875
SGNS-2,10000,2.22710009765625
SGNS-2,10500,0.45549114990234374
SGNS-2,11000,2.210707763671875
SGNS-2,11500,2.2120478515625
SGNS-2,12000,2.21143359375
SGNS-2,12500,2.211548828125
SGNS-2,13000,2.2109296875
SGNS-2,13500,2.21062939453125
SGNS-2,14000,2.209649658203125
SGNS-2,14500,2.209395263671875
SGNS-2,15000,2.20932177734375
SGNS-2,15500,2.2086357421875
SGNS-2,16000,1.7753099365234375
SGNS-2,16500,2.1983642578125
SGNS-2,17000,2.19803857421875
SGNS-2,17500,2.19884716796875
SGNS-2,18000,2.198582763671875
SGNS-2,18500,2.198925537109375
SGNS-2,19000,2.197863037109375
SGNS-2,19500,2.198162353515625
SGNS-2,20000,2.197672607421875
SGNS-2,20500,2.19709814453125
SGNS-2,21000,0.90197265625
SGNS-2,21500,2.189476318359375
SGNS-2,22000,2.189723388671875
SGNS-2,22500,2.189677734375
SGNS-2,23000,2.190578369140625
SGNS-2,23500,2.1897587890625
SGNS-2,24000,2.189476806640625
SGNS-2,24500,2.189700439453125
SGNS-2,25000,2.189589599609375
SGNS-2,25500,2.189307373046875
SGNS-3,500,2.70417431640625
SGNS-3,1000,2.40644970703125
SGNS-3,1500,2.3404287109375
SGNS-3,2000,2.305083740234375
SGNS-3,2500,2.28151025390625
SGNS-3,3000,2.264094970703125
SGNS-3,3500,2.251290771484375
SGNS-3,4000,2.239999267578125
SGNS-3,4500,2.23238134765625
SGNS-3,5000,2.224935546875
SGNS-3,5500,1.30022705078125
SGNS-3,6000,2.16221044921875
SGNS-3,6500,2.1636064453125
SGNS-3,7000,2.162984375
SGNS-3,7500,2.1622373046875
SGNS-3,8000,2.16120458984375
SGNS-3,8500,2.160636474609375
SGNS-3,9000,2.158229248046875
SGNS-3,9500,2.156599365234375
SGNS-3,10000,2.1550791015625
SGNS-3,10500,0.4323421630859375
SGNS-3,11000,2.09966796875
SGNS-3,11500,2.10433056640625
SGNS-3,12000,2.105885009765625
SGNS-3,12500,2.107751708984375
SGNS-3,13000,2.107851806640625
SGNS-3,13500,2.10816064453125
SGNS-3,14000,2.10766943359375
SGNS-3,14500,2.107382080078125
SGNS-3,15000,2.107251953125
SGNS-3,15500,2.106538818359375
SGNS-3,16000,1.667606689453125
SGNS-3,16500,2.067248046875
SGNS-3,17000,2.06895849609375
SGNS-3,17500,2.071109375
SGNS-3,18000,2.071912353515625
SGNS-3,18500,2.072429931640625
SGNS-3,19000,2.071863037109375
SGNS-3,19500,2.0723349609375
SGNS-3,20000,2.072043212890625
SGNS-3,20500,2.0710615234375
SGNS-3,21000,0.8408031005859375
SGNS-3,21500,2.0418270263671876
SGNS-3,22000,2.0430972900390625
SGNS-3,22500,2.044066650390625
SGNS-3,23000,2.0452445068359375
SGNS-3,23500,2.0446279296875
SGNS-3,24000,2.04425
SGNS-3,24500,2.0443544921875
SGNS-3,25000,2.0443203125
SGNS-3,25500,2.044040771484375
SGNS-4,500,2.75440625
SGNS-4,1000,2.4151826171875
SGNS-4,1500,0.9194710083007812
SGNS-4,2000,2.250601318359375
SGNS-4,2500,2.2232802734375
SGNS-4,3000,1.75128466796875
SGNS-4,3500,2.161474365234375
SGNS-4,4000,0.45009225463867186
SGNS-4,4500,2.12245751953125
SGNS-4,5000,2.121252197265625
SGNS-4,5500,1.2938900146484376
SGNS-4,6000,2.100218505859375
SGNS-5,500,2.7677685546875
SGNS-5,1000,2.4311533203125
SGNS-5,1500,2.345285400390625
SGNS-5,2000,2.29973388671875
SGNS-5,2500,2.270665283203125
SGNS-5,3000,1.7863001708984374
SGNS-5,3500,2.215172119140625
SGNS-5,4000,2.20765185546875
SGNS-5,4500,2.200686279296875
SGNS-5,5000,2.195169189453125
SGNS-5,5500,1.31205859375
SGNS-5,6000,2.15892724609375
SGNS-5,6500,2.1594208984375
SGNS-5,7000,2.1579814453125
SGNS-5,7500,2.156778564453125
SGNS-5,8000,0.8776337890625
SGNS-5,8500,2.13151416015625
SGNS-5,9000,2.13281884765625
SGNS-5,9500,2.13239599609375
SGNS-5,10000,2.13280615234375
SGNS-5,10500,0.4611808776855469
SGNS-5,11000,2.1162685546875
SGNS-5,11500,2.11669287109375
SGNS-5,12000,2.11654150390625
SGNS-5,12500,2.1167041015625
SGNS-6,500,2.746844482421875
SGNS-6,1000,2.351259521484375
SGNS-6,1500,2.25249755859375
SGNS-6,2000,2.205048095703125
SGNS-6,2500,2.1764462890625
SGNS-6,3000,1.5005697021484374
SGNS-6,3500,2.108083984375
SGNS-6,4000,2.103327880859375
SGNS-6,4500,2.097563720703125
SGNS-6,5000,2.091861572265625
SGNS-6,5500,0.8598743896484375
SGNS-6,6000,2.04993798828125
SGNS-6,6500,2.051277587890625
SGNS-6,7000,2.051062255859375
SGNS-6,7500,2.050310302734375
SGNS-6,8000,0.26250088500976565
SGNS-6,8500,2.021203369140625
SGNS-6,9000,2.023913330078125
SGNS-6,9500,2.02403466796875
SGNS-6,10000,2.024946044921875
SGNS-6,10500,2.024735595703125
SGNS-6,11000,1.688826904296875
SGNS-6,11500,2.0066739501953124
SGNS-6,12000,2.0075509033203125
SGNS-6,12500,2.0073697509765625
SGNS-6,13000,2.0074765625
SGNS-7,500,2.786965576171875
SGNS-7,1000,2.48153955078125
SGNS-7,1500,2.411474365234375
SGNS-7,2000,2.375896484375
SGNS-7,2500,2.352838623046875
SGNS-7,3000,2.33546044921875
SGNS-7,3500,2.32369384765625
SGNS-7,4000,2.313853515625
SGNS-7,4500,2.306252685546875
SGNS-7,5000,2.299930908203125
SGNS-7,5500,2.294628662109375
SGNS-7,6000,2.28999365234375
SGNS-7,6500,2.286835205078125
SGNS-7,7000,2.283575927734375
SGNS-7,7500,2.280645751953125
SGNS-7,8000,2.277092041015625
SGNS-7,8500,2.27510107421875
SGNS-7,9000,2.27257275390625
SGNS-7,9500,1.05874853515625
SGNS-7,10000,2.253265869140625
SGNS-7,10500,2.25342138671875
SGNS-7,11000,2.252780029296875
SGNS-7,11500,2.253130126953125
SGNS-7,12000,2.25211962890625
SGNS-7,12500,2.250439697265625
SGNS-7,13000,2.250629638671875
SGNS-7,13500,2.24968701171875
SGNS-7,14000,2.249154296875
SGNS-7,14500,2.248907958984375
SGNS-7,15000,2.2483349609375
SGNS-7,15500,2.246689697265625
SGNS-7,16000,2.246278076171875
SGNS-7,16500,2.245587890625
SGNS-7,17000,2.2449443359375
SGNS-7,17500,2.244047119140625
SGNS-7,18000,2.243322265625
SGNS-7,18500,2.242787841796875
SGNS-7,19000,2.10253466796875
SGNS-7,19500,2.228470947265625
SGNS-7,20000,2.228401123046875
SGNS-7,20500,2.229155029296875
SGNS-7,21000,2.229439208984375
SGNS-7,21500,2.228739013671875
SGNS-7,22000,2.229117431640625
SGNS-7,22500,2.229240234375
SGNS-7,23000,2.228982421875
SGNS-7,23500,2.22820263671875
SGNS-7,24000,2.2273896484375
SGNS-7,24500,2.228235107421875
SGNS-7,25000,2.227352294921875
SGNS-7,25500,2.22727197265625
SGNS-7,26000,2.22688671875
SGNS-7,26500,2.226285888671875
SGNS-7,27000,2.225953857421875
SGNS-7,27500,2.225840576171875
SGNS-7,28000,0.9157866821289062
SGNS-7,28500,2.213029541015625
SGNS-7,29000,2.2135068359375
SGNS-7,29500,2.21389111328125
SGNS-7,30000,2.21440185546875
SGNS-7,30500,2.21439111328125
SGNS-7,31000,2.214571533203125
SGNS-7,31500,2.214068115234375
SGNS-7,32000,2.213997314453125
SGNS-7,32500,2.21384423828125
SGNS-7,33000,2.213479736328125
SGNS-7,33500,2.21352001953125
SGNS-7,34000,2.21310791015625
SGNS-7,34500,2.21272509765625
SGNS-7,35000,2.21283447265625
SGNS-7,35500,2.212735595703125
SGNS-7,36000,2.21260302734375
SGNS-7,36500,2.212280517578125
SGNS-7,37000,2.21190625
SGNS-7,37500,1.9509232177734375
SGNS-7,38000,2.202639892578125
SGNS-7,38500,2.202041259765625
SGNS-7,39000,2.20275
SGNS-7,39500,2.202882568359375
SGNS-7,40000,2.203217041015625
SGNS-7,40500,2.20241943359375
SGNS-7,41000,2.20240185546875
SGNS-7,41500,2.202365478515625
SGNS-7,42000,2.202198974609375
SGNS-7,42500,2.20202587890625
SGNS-7,43000,2.2016376953125
SGNS-7,43500,2.202205322265625
SGNS-7,44000,2.20165625
SGNS-7,44500,2.201101318359375
SGNS-7,45000,2.20114453125
SGNS-7,45500,2.2010146484375
SGNS-7,46000,2.200892333984375
SGNS-8,500,4.42047705078125
SGNS-8,1000,3.5735654296875
SGNS-8,1500,3.414966064453125
SGNS-8,2000,3.33810888671875
SGNS-8,2500,3.291812744140625
SGNS-8,3000,3.259667236328125
SGNS-8,3500,3.235552734375
SGNS-8,4000,3.216542724609375
SGNS-8,4500,3.202813720703125
SGNS-8,5000,3.19072412109375
SGNS-8,5500,1.897111083984375
SGNS-8,6000,3.149103759765625
SGNS-8,6500,3.14544287109375
SGNS-8,7000,3.1409951171875
SGNS-8,7500,3.137000732421875
SGNS-8,8000,3.133552490234375
SGNS-8,8500,3.131084716796875
SGNS-8,9000,3.12755322265625
SGNS-8,9500,3.124839111328125
SGNS-8,10000,3.123083251953125
SGNS-8,10500,0.6365724487304687
SGNS-8,11000,3.090259033203125
SGNS-8,11500,3.091841064453125
SGNS-8,12000,3.092059814453125
SGNS-8,12500,3.09201611328125
SGNS-8,13000,3.0918623046875
SGNS-8,13500,3.091454345703125
SGNS-8,14000,3.090009765625
SGNS-8,14500,3.089477294921875
SGNS-8,15000,3.089129150390625
SGNS-8,15500,3.0882578125
SGNS-8,16000,2.475052001953125
SGNS-8,16500,3.06510205078125
SGNS-8,17000,3.065707763671875
SGNS-8,17500,3.066656494140625
SGNS-8,18000,3.06727392578125
SGNS-8,18500,3.066732177734375
SGNS-8,19000,3.06619140625
SGNS-8,19500,3.066949462890625
SGNS-8,20000,3.065791259765625
SGNS-8,20500,3.065016845703125
SGNS-8,21000,1.2554434814453126
SGNS-8,21500,3.048341552734375
SGNS-8,22000,3.048656982421875
SGNS-8,22500,3.049280517578125
SGNS-8,23000,3.050304931640625
SGNS-8,23500,3.04940576171875
SGNS-8,24000,3.048896484375
SGNS-8,24500,3.048888427734375
SGNS-8,25000,3.048852294921875
SGNS-8,25500,3.0482392578125
SGNS-9,500,2.74555517578125
SGNS-9,1000,2.44286376953125
SGNS-9,1500,2.3781728515625
SGNS-9,2000,2.345563720703125
SGNS-9,2500,2.3251494140625
SGNS-9,3000,2.30981396484375
SGNS-9,3500,2.299651611328125
SGNS-9,4000,2.29030224609375
SGNS-9,4500,2.283596435546875
SGNS-9,5000,2.2777509765625
SGNS-9,5500,2.273031005859375
SGNS-9,6000,2.268809326171875
SGNS-9,6500,2.264900390625
SGNS-9,7000,1.073274658203125
SGNS-9,7500,2.236736572265625
SGNS-9,8000,2.236948486328125
SGNS-9,8500,2.237171142578125
SGNS-9,9000,2.2361669921875
SGNS-9,9500,2.235593505859375
SGNS-9,10000,2.23437744140625
SGNS-9,10500,2.234063232421875
SGNS-9,11000,2.232756591796875
SGNS-9,11500,2.231942138671875
SGNS-9,12000,2.2310810546875
SGNS-9,12500,2.23016845703125
SGNS-9,13000,2.229693603515625
SGNS-9,13500,2.22910009765625
SGNS-9,14000,2.128207763671875
SGNS-9,14500,2.20910693359375
SGNS-9,15000,2.211046630859375
SGNS-9,15500,2.2101982421875
SGNS-9,16000,2.21123828125
SGNS-9,16500,2.211147216796875
SGNS-9,17000,2.211585205078125
SGNS-9,17500,2.21072998046875
SGNS-9,18000,2.21009423828125
SGNS-9,18500,2.20989453125
SGNS-9,19000,2.210552978515625
SGNS-9,19500,2.210032958984375
SGNS-9,20000,2.20954345703125
SGNS-9,20500,0.9778909301757812
SGNS-9,21000,2.19412451171875
SGNS-9,21500,2.194767822265625
SGNS-9,22000,2.19506494140625
SGNS-9,22500,2.195652099609375
SGNS-9,23000,2.195833984375
SGNS-9,23500,2.19611962890625
SGNS-9,24000,2.195537109375
SGNS-9,24500,2.195623291015625
SGNS-9,25000,2.19608544921875
SGNS-9,25500,2.1961572265625
SGNS-9,26000,2.195364501953125
SGNS-9,26500,2.19492578125
SGNS-9,27000,2.19489501953125
SGNS-9,27500,2.03069775390625
SGNS-9,28000,2.184430419921875
SGNS-9,28500,2.18445849609375
SGNS-9,29000,2.184988037109375
SGNS-9,29500,2.184470703125
SGNS-9,30000,2.184133056640625
SGNS-9,30500,2.184376708984375
SGNS-9,31000,2.183008056640625
SGNS-9,31500,2.18444287109375
SGNS-9,32000,2.184292724609375
SGNS-9,32500,2.18423876953125
SGNS-9,33000,2.184600341796875
SGNS-9,33500,2.183658935546875
SGNS-10,500,2.811892822265625
SGNS-10,1000,2.44361376953125
SGNS-10,1500,2.32177880859375
SGNS-10,2000,2.257849609375
SGNS-10,2500,2.217556640625
SGNS-10,3000,2.190847412109375
SGNS-10,3500,2.085224365234375
SGNS-10,4000,2.143248291015625
SGNS-10,4500,2.135252685546875
SGNS-10,5000,2.1277236328125
SGNS-10,5500,2.12048046875
SGNS-10,6000,2.115676025390625
SGNS-10,6500,1.966053466796875
SGNS-10,7000,2.08649609375
SGNS-10,7500,2.084357421875
SGNS-10,8000,2.08195556640625
SGNS-10,8500,2.08008203125
SGNS-10,9000,2.077562744140625
SGNS-10,9500,1.885460205078125
SGNS-10,10000,2.0579658203125
SGNS-10,10500,2.057883056640625
SGNS-10,11000,2.056955810546875
SGNS-10,11500,2.056552978515625
SGNS-10,12000,2.05434521484375
SGNS-10,12500,1.814074951171875
SGNS-10,13000,2.0414864501953125
SGNS-10,13500,2.041347900390625
SGNS-10,14000,2.0406920166015623
SGNS-10,14500,2.0408326416015625
SGNS-10,15000,2.040902099609375
SGNS-11,500,2.941231689453125
SGNS-11,1000,2.58016455078125
SGNS-11,1500,2.472599853515625
SGNS-11,2000,2.41249072265625
SGNS-11,2500,2.3745400390625
SGNS-11,3000,2.347108642578125
SGNS-11,3500,2.3263203125
SGNS-11,4000,2.30983740234375
SGNS-11,4500,2.297671630859375
SGNS-11,5000,2.286733642578125
SGNS-11,5500,1.3638131103515625
SGNS-11,6000,2.260113525390625
SGNS-11,6500,2.254322509765625
SGNS-11,7000,2.24868359375
SGNS-11,7500,2.243956787109375
SGNS-11,8000,2.2397197265625
SGNS-11,8500,2.236571044921875
SGNS-11,9000,2.232691650390625
SGNS-11,9500,2.2295263671875
SGNS-11,10000,2.227258056640625
SGNS-11,10500,0.45545220947265624
SGNS-11,11000,2.209610595703125
SGNS-11,11500,2.2090751953125
SGNS-11,12000,2.20732080078125
SGNS-11,12500,2.206250244140625
SGNS-11,13000,2.204820556640625
SGNS-11,13500,2.203781494140625
SGNS-11,14000,2.202030029296875
SGNS-11,14500,2.201215576171875
SGNS-11,15000,2.200614013671875
SGNS-11,15500,2.19973095703125
SGNS-11,16000,1.7683818359375
SGNS-11,16500,2.18901123046875
SGNS-11,17000,2.18790966796875
SGNS-11,17500,2.18830078125
SGNS-11,18000,2.187657958984375
SGNS-11,18500,2.18769189453125
SGNS-11,19000,2.186326416015625
SGNS-11,19500,2.186449462890625
SGNS-11,20000,2.185889892578125
SGNS-11,20500,2.185135986328125
SGNS-11,21000,0.8975238037109375
SGNS-11,21500,2.178526611328125
SGNS-11,22000,2.17818408203125
SGNS-11,22500,2.1781435546875
SGNS-11,23000,2.178928466796875
SGNS-11,23500,2.1780537109375
SGNS-11,24000,2.177716552734375
SGNS-11,24500,2.177945556640625
SGNS-11,25000,2.177936279296875
SGNS-11,25500,2.1776435546875
SGNS-12,500,2.681234130859375
SGNS-12,1000,2.4101005859375
SGNS-12,1500,2.358102294921875
SGNS-12,2000,2.32958544921875
SGNS-12,2500,2.30982763671875
SGNS-12,3000,2.295215576171875
SGNS-12,3500,2.2844326171875
SGNS-12,4000,2.274646728515625
SGNS-12,4500,2.268471435546875
SGNS-12,5000,2.26201318359375
SGNS-12,5500,1.336205078125
SGNS-12,6000,2.2222255859375
SGNS-12,6500,2.222538818359375
SGNS-12,7000,2.221470458984375
SGNS-12,7500,2.22011279296875
SGNS-12,8000,2.21868212890625
SGNS-12,8500,2.217233642578125
SGNS-12,9000,2.2147021484375
SGNS-12,9500,2.212813232421875
SGNS-12,10000,2.2113369140625
SGNS-12,10500,0.44866815185546877
SGNS-12,11000,2.17809521484375
SGNS-12,11500,2.18099365234375
SGNS-12,12000,2.1813359375
SGNS-12,12500,2.181804443359375
SGNS-12,13000,2.1811943359375
SGNS-12,13500,2.1807275390625
SGNS-12,14000,2.179267333984375
SGNS-12,14500,2.1785458984375
SGNS-12,15000,2.177729248046875
SGNS-12,15500,2.176405517578125
SGNS-12,16000,1.7371885986328126
SGNS-12,16500,2.152665283203125
SGNS-12,17000,2.153283447265625
SGNS-12,17500,2.154316162109375
SGNS-12,18000,2.154181640625
SGNS-12,18500,2.154219482421875
SGNS-12,19000,2.152481689453125
SGNS-12,19500,2.15246337890625
SGNS-12,20000,2.15168603515625
SGNS-12,20500,2.150112548828125
SGNS-12,21000,0.8773088989257812
SGNS-12,21500,2.13063037109375
SGNS-12,22000,2.1312578125
SGNS-12,22500,2.131572509765625
SGNS-12,23000,2.132224853515625
SGNS-12,23500,2.131169921875
SGNS-12,24000,2.1303720703125
SGNS-12,24500,2.1301787109375
SGNS-12,25000,2.129674560546875
SGNS-12,25500,2.129096435546875
SGNS-final,500,2.681234130859375
SGNS-final,1000,2.4101005859375
SGNS-final,1500,2.358102294921875
SGNS-final,2000,2.32958544921875
SGNS-final,2500,2.30982763671875
SGNS-final,3000,2.295215576171875
SGNS-final,3500,2.2844326171875
SGNS-final,4000,2.274646728515625
SGNS-final,4500,2.268471435546875
SGNS-final,5000,2.26201318359375
SGNS-final,5500,1.336205078125
SGNS-final,6000,2.2222255859375
SGNS-final,6500,2.222538818359375
SGNS-final,7000,2.221470458984375
SGNS-final,7500,2.22011279296875
SGNS-final,8000,2.21868212890625
SGNS-final,8500,2.217233642578125
SGNS-final,9000,2.2147021484375
SGNS-final,9500,2.212813232421875
SGNS-final,10000,2.2113369140625
SGNS-final,10500,0.44866815185546877
SGNS-final,11000,2.17809521484375
SGNS-final,11500,2.18099365234375
SGNS-final,12000,2.1813359375
SGNS-final,12500,2.181804443359375
SGNS-final,13000,2.1811943359375
SGNS-final,13500,2.1807275390625
SGNS-final,14000,2.179267333984375
SGNS-final,14500,2.1785458984375
SGNS-final,15000,2.177729248046875
SGNS-final,15500,2.176405517578125
SGNS-final,16000,1.7371885986328126
SGNS-final,16500,2.152665283203125
SGNS-final,17000,2.153283447265625
SGNS-final,17500,2.154316162109375
SGNS-final,18000,2.154181640625
SGNS-final,18500,2.154219482421875
SGNS-final,19000,2.152481689453125
SGNS-final,19500,2.15246337890625
SGNS-final,20000,2.15168603515625
SGNS-final,20500,2.150112548828125
SGNS-final,21000,0.8773088989257812
SGNS-final,21500,2.13063037109375
SGNS-final,22000,2.1312578125
SGNS-final,22500,2.131572509765625
SGNS-final,23000,2.132224853515625
SGNS-final,23500,2.131169921875
SGNS-final,24000,2.1303720703125
SGNS-final,24500,2.1301787109375
SGNS-final,25000,2.129674560546875
SGNS-final,25500,2.129096435546875
SGNS-final,500,2.681234130859375
SGNS-final,1000,2.4101005859375
SGNS-final,1500,2.358102294921875
SGNS-final,2000,2.32958544921875
SGNS-final,2500,2.30982763671875
SGNS-final,3000,2.295215576171875
SGNS-final,3500,2.2844326171875
SGNS-final,4000,2.274646728515625
SGNS-final,4500,2.268471435546875
SGNS-final,5000,2.26201318359375
SGNS-final,5500,1.336205078125
SGNS-final,6000,2.2222255859375
SGNS-final,6500,2.222538818359375
SGNS-final,7000,2.221470458984375
SGNS-final,7500,2.22011279296875
SGNS-final,8000,2.21868212890625
SGNS-final,8500,2.217233642578125
SGNS-final,9000,2.2147021484375
SGNS-final,9500,2.212813232421875
SGNS-final,10000,2.2113369140625
SGNS-final,10500,0.44866815185546877
SGNS-final,11000,2.17809521484375
SGNS-final,11500,2.18099365234375
SGNS-final,12000,2.1813359375
SGNS-final,12500,2.181804443359375
SGNS-final,13000,2.1811943359375
SGNS-final,13500,2.1807275390625
SGNS-final,14000,2.179267333984375
SGNS-final,14500,2.1785458984375
SGNS-final,15000,2.177729248046875
SGNS-final,15500,2.176405517578125
SGNS-final,16000,1.7371885986328126
SGNS-final,16500,2.152665283203125
SGNS-final,17000,2.153283447265625
SGNS-final,17500,2.154316162109375
SGNS-final,18000,2.154181640625
SGNS-final,18500,2.154219482421875
SGNS-final,19000,2.152481689453125
SGNS-final,19500,2.15246337890625
SGNS-final,20000,2.15168603515625
SGNS-final,20500,2.150112548828125
SGNS-final,21000,0.8773088989257812
SGNS-final,21500,2.13063037109375
SGNS-final,22000,2.1312578125
SGNS-final,22500,2.131572509765625
SGNS-final,23000,2.132224853515625
SGNS-final,23500,2.131169921875
SGNS-final,24000,2.1303720703125
SGNS-final,24500,2.1301787109375
SGNS-final,25000,2.129674560546875
SGNS-final,25500,2.129096435546875
