fraccion,documentos,modelo,test_f1,t
0.01,1080,TF-IDF,0.8258288977575224,1.176630973815918
0.01,1080,Aleatorio,0.7207156012488355,1.530285120010376
0.01,1080,SGNS congelado,0.865438787675227,0.9699685573577881
0.01,1080,SGNS fine-tuning,0.8632654105282306,1.118539810180664
0.01,1080,GloVe congelado,0.8721542396537646,0.938086748123169
0.01,1080,GloVe fine-tuning,0.8698059298128921,1.1544067859649658
0.05,5400,TF-IDF,0.8762868380218551,3.071340799331665
0.05,5400,Aleatorio,0.8131095594920106,4.125080823898315
0.05,5400,SGNS congelado,0.8754477343860944,2.7922780513763428
0.05,5400,SGNS fine-tuning,0.8854380674912323,3.6225686073303223
0.05,5400,GloVe congelado,0.883778220792486,2.900315284729004
0.05,5400,GloVe fine-tuning,0.8898578049946625,3.8259787559509277
0.1,10800,TF-IDF,0.8898020526191942,4.152829647064209
0.1,10800,Aleatorio,0.8329946493770032,7.359312534332275
0.1,10800,SGNS congelado,0.8839203542146123,5.908838987350464
0.1,10800,SGNS fine-tuning,0.8938192897759427,7.5317933559417725
0.1,10800,GloVe congelado,0.8915382456192442,5.934581279754639
0.1,10800,GloVe fine-tuning,0.8964915991972251,7.658917665481567
0.25,27000,TF-IDF,0.9049100760501223,7.850209712982178
0.25,27000,Aleatorio,0.869628205257788,8.085500955581665
0.25,27000,SGNS congelado,0.8839186549724801,5.851505279541016
0.25,27000,SGNS fine-tuning,0.9020980298829357,6.989835500717163
0.25,27000,GloVe congelado,0.8951464084823606,6.010879993438721
0.25,27000,GloVe fine-tuning,0.908681599932067,7.631580352783203
0.5,54000,TF-IDF,0.9104275719984285,9.326138496398926
0.5,54000,Aleatorio,0.8891330374809674,7.776965379714966
0.5,54000,SGNS congelado,0.885859062049625,5.304072618484497
0.5,54000,SGNS fine-tuning,0.9060955114135785,6.620616436004639
0.5,54000,GloVe congelado,0.8974091513822072,5.601570129394531
0.5,54000,GloVe fine-tuning,0.9125416987393883,7.268897771835327
1.0,108000,TF-IDF,0.9212750449290361,21.054848670959473
1.0,108000,Aleatorio,0.9060532286457483,0.010616302490234375
1.0,108000,SGNS congelado,0.8862609294468745,0.0035495758056640625
1.0,108000,SGNS fine-tuning,0.9123882225623795,0.0050296783447265625
1.0,108000,GloVe congelado,0.8978381212304544,0.0051021575927734375
1.0,108000,GloVe fine-tuning,0.9143081991271789,0.0035059452056884766
