modelo,epoch,perdida_train,perdida_val,acc,precision,recall,f1
Aleatorio,1,0.6675422993881442,0.3905332386493683,0.8644166666666667,0.8639255191041846,0.8644166666666666,0.8638781526742312
Aleatorio,2,0.3390054205582605,0.3195493221282959,0.8909166666666667,0.8914996128112094,0.8909166666666667,0.8907504028376432
Aleatorio,3,0.2668455042545264,0.29146522283554077,0.9035833333333333,0.9038994872938012,0.9035833333333334,0.9033762153583997
Aleatorio,4,0.2245854563057705,0.2772565484046936,0.9099166666666667,0.9099517821476313,0.9099166666666667,0.9097827110529396
Aleatorio,5,0.19210537011024512,0.27331456542015076,0.9135833333333333,0.9134731615884639,0.9135833333333334,0.9134172532123246
Aleatorio,6,0.1660924251610634,0.2759194076061249,0.9123333333333333,0.9121498497833407,0.9123333333333333,0.9121476090209393
Aleatorio,7,0.14330018753124074,0.28250327706336975,0.912,0.9117780751168253,0.9119999999999999,0.9118064833282213
Aleatorio,8,0.1233031738425883,0.3003188967704773,0.9093333333333333,0.9091307512550697,0.9093333333333333,0.9092172542127803
Aleatorio,9,0.10643129213161379,0.3166707158088684,0.9086666666666666,0.9088803392580962,0.9086666666666667,0.9085606578423869
Aleatorio,10,0.09119757882791672,0.33694347739219666,0.9093333333333333,0.909321951870915,0.9093333333333333,0.909265681104565
SGNS congelado,1,0.5350532712529621,0.37699267268180847,0.87225,0.8719102614159722,0.87225,0.8718325538500274
SGNS congelado,2,0.37451074247676613,0.3597012162208557,0.8739166666666667,0.8749663868653301,0.8739166666666667,0.8738619534460494
SGNS congelado,3,0.36072287175327683,0.3496062159538269,0.8776666666666667,0.878150024850603,0.8776666666666666,0.877560390612747
SGNS congelado,4,0.35274661095786436,0.34717467427253723,0.8795833333333334,0.8812001126028203,0.8795833333333334,0.8797208389222517
SGNS congelado,5,0.34704409052410395,0.34004464745521545,0.8815,0.882147174136348,0.8815,0.8814420775029348
SGNS congelado,6,0.34321283277177134,0.33742186427116394,0.8824166666666666,0.8823971507280123,0.8824166666666666,0.8821340324611329
SGNS congelado,7,0.3390415426679132,0.3344886600971222,0.8810833333333333,0.8814056097486348,0.8810833333333333,0.8809000825337446
SGNS congelado,8,0.33536728411489186,0.3301640748977661,0.8840833333333333,0.88436055663719,0.8840833333333333,0.8840244519875666
SGNS congelado,9,0.33254556520290285,0.32744336128234863,0.88475,0.8852160333976342,0.8847499999999999,0.8846202290790237
SGNS congelado,10,0.32897800969851526,0.32519131898880005,0.8864166666666666,0.8872952700636743,0.8864166666666666,0.8864954408042365
SGNS fine-tuning,1,0.43835720405759404,0.27116909623146057,0.91375,0.913684555094886,0.9137500000000001,0.913483477471264
SGNS fine-tuning,2,0.2383573631539729,0.25123119354248047,0.9171666666666667,0.9178624412552335,0.9171666666666667,0.9171654002193997
SGNS fine-tuning,3,0.19402705549628813,0.2487422674894333,0.917,0.9174696232182393,0.917,0.9168555725046874
SGNS fine-tuning,4,0.16165105087497222,0.25606510043144226,0.91775,0.9182485577559862,0.91775,0.9176453483158669
SGNS fine-tuning,5,0.13573292194384534,0.2717767059803009,0.91425,0.9141913491419047,0.91425,0.9140804137473246
SGNS fine-tuning,6,0.11494752242101877,0.2969919741153717,0.912,0.9118540007558545,0.9119999999999999,0.9118164547536236
SGNS fine-tuning,7,0.09799271172256831,0.3178463876247406,0.9090833333333334,0.9090245114512931,0.9090833333333334,0.908965581550093
SGNS fine-tuning,8,0.08364000365632406,0.35786792635917664,0.9065,0.9065600582089278,0.9065,0.9064352679980027
SGNS fine-tuning,9,0.07142851589980284,0.39731550216674805,0.9028333333333334,0.9033689950240689,0.9028333333333334,0.9028589674934482
SGNS fine-tuning,10,0.06226780516276428,0.43491417169570923,0.9013333333333333,0.9015537137349469,0.9013333333333333,0.9013536117246672
gensim congelado,1,0.5520888776010812,0.38743945956230164,0.8665,0.8659986610471986,0.8665,0.8660937439171789
gensim congelado,2,0.38617214546384404,0.3695073127746582,0.8705833333333334,0.8711017018769289,0.8705833333333334,0.8704711931652153
gensim congelado,3,0.3719015618636145,0.3594215512275696,0.8726666666666667,0.8728414023026093,0.8726666666666666,0.8725188044126753
gensim congelado,4,0.36261731188444163,0.35852041840553284,0.87475,0.8763067286268137,0.8747499999999999,0.8747266861985088
gensim congelado,5,0.3576036787711049,0.34852319955825806,0.8760833333333333,0.8765524515958838,0.8760833333333333,0.8759517638744508
gensim congelado,6,0.3530234386570646,0.34459400177001953,0.8765,0.8764811894439246,0.8765,0.8761891058999381
gensim congelado,7,0.34882224566563613,0.34320637583732605,0.8781666666666667,0.8785679708647935,0.8781666666666667,0.8778854732346467
gensim congelado,8,0.3455367246510293,0.3405674695968628,0.8793333333333333,0.8797856225146027,0.8793333333333333,0.879406678373647
gensim congelado,9,0.34309857264514215,0.3365752696990967,0.88125,0.8815837815868439,0.88125,0.8810465629669542
gensim congelado,10,0.3406775596582494,0.3341246247291565,0.8819166666666667,0.8824967702499418,0.8819166666666667,0.8819313982142623
gensim fine-tuning,1,0.45160758212844343,0.2743742763996124,0.91275,0.9124991462866465,0.91275,0.9124338000904312
gensim fine-tuning,2,0.24314426584831347,0.2522331476211548,0.918,0.91846108961766,0.9179999999999999,0.9179485501749488
gensim fine-tuning,3,0.19865502452398365,0.24817335605621338,0.9189166666666667,0.9191094050046769,0.9189166666666666,0.9187534523697396
gensim fine-tuning,4,0.16636263589723416,0.25649598240852356,0.9175,0.9179614132639506,0.9175,0.9173465600987794
gensim fine-tuning,5,0.1411544022401927,0.26963162422180176,0.916,0.9162668250956093,0.916,0.9158304012462364
gensim fine-tuning,6,0.12047988204594472,0.290947824716568,0.9125833333333333,0.912491583353487,0.9125833333333334,0.9123904367164802
gensim fine-tuning,7,0.1037868662468065,0.3098064363002777,0.908,0.9079322698134722,0.908,0.9078998643779939
gensim fine-tuning,8,0.08898275836384127,0.3446134328842163,0.9048333333333334,0.904980582842247,0.9048333333333334,0.904844704831824
gensim fine-tuning,9,0.07762696505722841,0.38075536489486694,0.9015,0.902269960263502,0.9015,0.9015956250473728
gensim fine-tuning,10,0.06796971090597,0.41557592153549194,0.9011666666666667,0.9011045462159742,0.9011666666666667,0.9011191412295015
GloVe congelado,1,0.45888287874194683,0.3313412666320801,0.8861666666666667,0.886235054940576,0.8861666666666667,0.8858293089428151
GloVe congelado,2,0.3324169502439092,0.3140937387943268,0.8935,0.8935470222523758,0.8935,0.8933539280757605
GloVe congelado,3,0.3193764347600711,0.30622750520706177,0.8944166666666666,0.89523854889249,0.8944166666666666,0.8944213285013198
GloVe congelado,4,0.31193444853145363,0.31145596504211426,0.89275,0.896627778108706,0.89275,0.8928764749974336
GloVe congelado,5,0.3058117690244557,0.2950464189052582,0.8989166666666667,0.89917691449989,0.8989166666666667,0.8987769633697156
GloVe congelado,6,0.30098107866766327,0.2919767200946808,0.9011666666666667,0.90129330836309,0.9011666666666667,0.9009450240512668
GloVe congelado,7,0.2976032275159212,0.28859007358551025,0.9004166666666666,0.90062472987757,0.9004166666666666,0.9002471112723381
GloVe congelado,8,0.2941936294049448,0.28686898946762085,0.9018333333333334,0.9028388791002984,0.9018333333333334,0.9018637632320433
GloVe congelado,9,0.2908771207547301,0.2854025363922119,0.9020833333333333,0.9021549657626069,0.9020833333333333,0.9018016207915944
GloVe congelado,10,0.2881034742599415,0.28063082695007324,0.9026666666666666,0.9033515405647242,0.9026666666666666,0.902658162172667
GloVe fine-tuning,1,0.41458625251083014,0.2708377242088318,0.9125833333333333,0.9124419308468852,0.9125833333333333,0.9122331326277242
GloVe fine-tuning,2,0.24567923161655805,0.2415282428264618,0.9201666666666667,0.920355956157061,0.9201666666666666,0.9200817078558978
GloVe fine-tuning,3,0.20265477980482635,0.23294055461883545,0.9235833333333333,0.9238599212245472,0.9235833333333334,0.9234929623729685
GloVe fine-tuning,4,0.17065109686828903,0.23492875695228577,0.92275,0.9238589761354119,0.9227500000000001,0.9226642648790431
GloVe fine-tuning,5,0.14403755404937887,0.23915502429008484,0.9231666666666667,0.9233623846003498,0.9231666666666667,0.9231136385773794
GloVe fine-tuning,6,0.12096041638704273,0.25339627265930176,0.9204166666666667,0.920376885226524,0.9204166666666668,0.92030084210398
GloVe fine-tuning,7,0.1031367044313259,0.2710070013999939,0.9190833333333334,0.9189696214760814,0.9190833333333334,0.9188562977057583
GloVe fine-tuning,8,0.08752022874298819,0.2954489290714264,0.91725,0.9175343452409181,0.91725,0.9172324340568665
GloVe fine-tuning,9,0.07415627303281666,0.32191336154937744,0.9143333333333333,0.9146876556811786,0.9143333333333334,0.9143762429728011
GloVe fine-tuning,10,0.063759650099334,0.35289299488067627,0.9126666666666666,0.9127707089963082,0.9126666666666667,0.9125620886592644
