iteracion,epoch,perdida,pares,ana_sem,ana_sin,ana_total,wordsim,t_epoch
SGNS-1,1,2.3416862392407194,85179943,0.21211235225200653,0.32020360231399536,0.2885423004627228,0.6618001017759724,14.245286703109741
SGNS-1,2,2.1976060504040014,85147977,0.3022235333919525,0.40249666571617126,0.3731253743171692,0.6645094710225737,14.30680251121521
SGNS-1,3,2.1675543824533565,85180389,0.34406086802482605,0.44140103459358215,0.41288885474205017,0.6710252192838477,14.120851993560791
SGNS-1,4,2.149496914378126,85155267,0.3791691064834595,0.46103501319885254,0.43705543875694275,0.67980638764179,13.972870826721191
SGNS-1,5,2.1366588301235816,85173600,0.3861907720565796,0.46745848655700684,0.4436541199684143,0.6845265287431859,13.923411846160889
SGNS-2,1,2.3741690108674747,85179943,0.1255120038986206,0.2432432472705841,0.20875824987888336,0.6176562581178434,11.471213579177856
SGNS-2,2,2.233145372919873,85147977,0.1813926249742508,0.3249303102493286,0.282886266708374,0.6178454214525685,11.621208429336548
SGNS-2,3,2.210417192609156,85180389,0.20743125677108765,0.35050296783447266,0.3085954189300537,0.6249142145179116,11.432340145111084
SGNS-2,4,2.1980439817598114,85155267,0.23200702667236328,0.3736516833305359,0.33216214179992676,0.6378417055996946,11.603571653366089
SGNS-2,5,2.1896747721917675,85173600,0.23990638554096222,0.37898436188697815,0.3382466435432434,0.6392412391299919,11.697643041610718
SGNS-3,1,2.321040742510579,85179943,0.2679929733276367,0.34068596363067627,0.31939324736595154,0.6860567569411115,41.60040807723999
SGNS-3,2,2.159705167552424,85147977,0.3981860876083374,0.41413161158561707,0.40946096181869507,0.6678357191003805,41.86444854736328
SGNS-3,3,2.106107394450856,85180389,0.4605032205581665,0.45703551173210144,0.45805123448371887,0.6837606579908841,41.713969707489014
SGNS-3,4,2.0704417564447866,85155267,0.4675248861312866,0.47473034262657166,0.47261977195739746,0.6917232650094705,43.377676248550415
SGNS-3,5,2.0438960993099635,85173600,0.4827384650707245,0.47909343242645264,0.4801611006259918,0.699479374453204,45.644394636154175
SGNS-4,1,2.5268454999879624,21257781,0.05909888818860054,0.07853593677282333,0.07284257560968399,0.5092100876932657,3.6034929752349854
SGNS-4,2,2.241040904275809,21261115,0.09566998481750488,0.16882802546024323,0.14739909768104553,0.5743923335061883,3.6993062496185303
SGNS-4,3,2.1612325001203776,21255509,0.11117612570524216,0.20324808359146118,0.17627902328968048,0.6043295292197897,3.7368369102478027
SGNS-4,4,2.1215547582217833,21258555,0.12638969719409943,0.21439824998378754,0.18861941993236542,0.6216164441203145,3.6733336448669434
SGNS-4,5,2.100288902876831,21247088,0.12843768298625946,0.2187613546848297,0.19230438768863678,0.6240047172045531,3.683835506439209
SGNS-5,1,2.4167051954027134,42560403,0.13867759704589844,0.19258271157741547,0.17679321765899658,0.6042908711128385,7.3517022132873535
SGNS-5,2,2.2063559634213816,42562603,0.21152721345424652,0.28723791241645813,0.26506125926971436,0.6367580404450546,7.484035968780518
SGNS-5,3,2.157862004727194,42551987,0.25219425559043884,0.32517269253730774,0.3037963807582855,0.6380184873343285,7.33350944519043
SGNS-5,4,2.1321433459881596,42545968,0.27091866731643677,0.3368076682090759,0.31750792264938354,0.6458834172855293,7.36921763420105
SGNS-5,5,2.1164871104270873,42568185,0.27998828887939453,0.34529146552085876,0.32616332173347473,0.6478939139936553,7.351971626281738
SGNS-6,1,2.3362500369210775,43321191,0.15447629988193512,0.2965701222419739,0.25494900345802307,0.6141306662785698,7.528051137924194
SGNS-6,2,2.100671040583648,43324947,0.23434758186340332,0.4246757924556732,0.36892619729042053,0.6514536240198465,7.684412240982056
SGNS-6,3,2.050138269435255,43320365,0.26974838972091675,0.4519452154636383,0.39857742190361023,0.6633563313340893,7.655269384384155
SGNS-6,4,2.023682933351456,43317561,0.2834991216659546,0.4651557505130768,0.411946177482605,0.6644739771023126,7.627502202987671
SGNS-6,5,2.0070884776701323,43325052,0.28613224625587463,0.4721851944923401,0.41768789291381836,0.6694215269253817,7.606385707855225
SGNS-7,1,2.344978371222342,151788651,0.2571679353713989,0.33402010798454285,0.3115091323852539,0.6660275927670769,25.448094367980957
SGNS-7,2,2.2487251868994926,151752468,0.35020479559898376,0.38383227586746216,0.37398234009742737,0.6709964664569696,30.933701038360596
SGNS-7,3,2.227839145979493,151787172,0.3853130638599396,0.397163987159729,0.39369267225265503,0.6830857232125849,48.059422731399536
SGNS-7,4,2.2133449626916017,151765159,0.39994150400161743,0.4280693233013153,0.419830322265625,0.6871162091889065,41.861687660217285
SGNS-7,5,2.2019957079735564,151783008,0.40637800097465515,0.4378863275051117,0.4286571145057678,0.6851109402674858,28.98146414756775
SGNS-8,1,3.405569280150029,85179943,0.22381509840488434,0.324445515871048,0.2949695885181427,0.640175774790201,28.04349446296692
SGNS-8,2,3.13452909322095,85147977,0.3528379201889038,0.4136468172073364,0.39583510160446167,0.6419105745362985,28.095890760421753
SGNS-8,3,3.0905659817392768,85180389,0.3993563652038574,0.4521876275539398,0.4367126524448395,0.6537676075035387,28.40383005142212
SGNS-8,4,3.0658766367473067,85155267,0.4429490864276886,0.4668525159358978,0.45985087752342224,0.6594735991188548,27.639859914779663
SGNS-8,5,3.048907016373341,85173600,0.45640724897384644,0.4736395478248596,0.46859198808670044,0.6580652608951594,26.933691024780273
SGNS-9,1,2.3433086688701925,110750021,0.20918665826320648,0.3534117043018341,0.31116634607315063,0.6396766587331955,16.80865168571472
SGNS-9,2,2.23359192924127,110712974,0.3016383945941925,0.44018906354904175,0.39960578083992004,0.6573163116629822,17.244170427322388
SGNS-9,3,2.2101649478935492,110727338,0.342012882232666,0.4565507173538208,0.42300111055374146,0.6519674604236271,18.203076362609863
SGNS-9,4,2.195304407738976,110717755,0.3581041693687439,0.4818809926509857,0.4456251561641693,0.6649000417187808,17.154547214508057
SGNS-9,5,2.184222200771308,110720925,0.36658865213394165,0.48454731702804565,0.4499956965446472,0.669996170742943,18.424262523651123
SGNS-10,1,2.3729016534213363,49400984,0.16851960122585297,0.21403466165065765,0.2007027119398117,0.6166181297368718,7.95266056060791
SGNS-10,2,2.132467478167524,49359943,0.2744295001029968,0.2949945330619812,0.2889707684516907,0.6494091466981372,7.748637676239014
SGNS-10,3,2.0827990815839694,49362808,0.341427743434906,0.3555932641029358,0.3514440059661865,0.653447611927851,7.781548023223877
SGNS-10,4,2.056918786548192,49368125,0.36629608273506165,0.377651184797287,0.37432512640953064,0.6582076492962071,7.776780366897583
SGNS-10,5,2.041303344807565,49378724,0.37244004011154175,0.38019633293151855,0.3779244124889374,0.6583618690040084,7.839906930923462
SGNS-11,1,2.4289489264762456,85179943,0.1258045732975006,0.2239728569984436,0.19521810114383698,0.5856668809758094,14.002187967300415
SGNS-11,2,2.241504770464602,85147977,0.1878291368484497,0.34007999300956726,0.2954837679862976,0.6274081439229278,13.854314088821411
SGNS-11,3,2.2044834343142914,85180389,0.2211819887161255,0.3929220736026764,0.3426171839237213,0.6447086785835527,13.594852209091187
SGNS-11,4,2.187140411576568,85155267,0.23639555275440216,0.41534358263015747,0.3629274070262909,0.6538989900378387,13.746422290802002
SGNS-11,5,2.1781299588863243,85173600,0.2451726198196411,0.4228578209877014,0.3708115518093109,0.657471907104127,13.71725082397461
SGNS-12,1,2.3439541783876705,85179943,0.19748391211032867,0.2533026337623596,0.23695260286331177,0.650696970680946,13.223752498626709
SGNS-12,2,2.217317282488457,85147977,0.28642481565475464,0.34165555238723755,0.3254777491092682,0.6424154686733468,13.268325328826904
SGNS-12,3,2.179515065998269,85180389,0.339964896440506,0.3957096040248871,0.3793812692165375,0.6471869246284535,13.193037033081055
SGNS-12,4,2.152429795714698,85155267,0.3970158100128174,0.44176462292671204,0.4286571145057678,0.6764574399638161,13.739015102386475
SGNS-12,5,2.1304915909309483,85173600,0.4148625135421753,0.45642951130867004,0.4442540109157562,0.6890602579765436,13.7789888381958
SGNS-final,1,2.3439541783876705,85179943,0.19748391211032867,0.2533026337623596,0.23695260286331177,0.650696970680946,13.223752498626709
SGNS-final,2,2.217317282488457,85147977,0.28642481565475464,0.34165555238723755,0.3254777491092682,0.6424154686733468,13.268325328826904
SGNS-final,3,2.179515065998269,85180389,0.339964896440506,0.3957096040248871,0.3793812692165375,0.6471869246284535,13.193037033081055
SGNS-final,4,2.152429795714698,85155267,0.3970158100128174,0.44176462292671204,0.4286571145057678,0.6764574399638161,13.739015102386475
SGNS-final,5,2.1304915909309483,85173600,0.4148625135421753,0.45642951130867004,0.4442540109157562,0.6890602579765436,13.7789888381958
SGNS-final,1,2.3439541783876705,85179943,0.19748391211032867,0.2533026337623596,0.23695260286331177,0.650696970680946,13.223752498626709
SGNS-final,2,2.217317282488457,85147977,0.28642481565475464,0.34165555238723755,0.3254777491092682,0.6424154686733468,13.268325328826904
SGNS-final,3,2.179515065998269,85180389,0.339964896440506,0.3957096040248871,0.3793812692165375,0.6471869246284535,13.193037033081055
SGNS-final,4,2.152429795714698,85155267,0.3970158100128174,0.44176462292671204,0.4286571145057678,0.6764574399638161,13.739015102386475
SGNS-final,5,2.1304915909309483,85173600,0.4148625135421753,0.45642951130867004,0.4442540109157562,0.6890602579765436,13.7789888381958
