iteracion,dim,window,neg,sample,lr,epochs,frac,tokens,pares_por_epoch,perdida_final,ana_sem,ana_sin,ana_total,wordsim,puntaje,t_epoch_medio,t_total,memoria_pico_mb,descripcion
SGNS-1,100,5,5,0.0001,0.005,5,1.0,24605932,85173600,2.1366588301235816,0.3861907720565796,0.46745848655700684,0.4436541199684143,0.6845265287431859,0.5640903243558001,14.113844776153565,70.75616550445557,6555.83447265625,configuración base
SGNS-2,50,5,5,0.0001,0.005,5,1.0,24605932,85173600,2.1896747721917675,0.23990638554096222,0.37898436188697815,0.3382466435432434,0.6392412391299919,0.48874394133661764,11.56519536972046,57.9053008556366,6417.1171875,dimensión 50
SGNS-3,300,5,5,0.0001,0.005,5,1.0,24605932,85173600,2.0438960993099635,0.4827384650707245,0.47909343242645264,0.4801611006259918,0.699479374453204,0.5898202375395979,42.840179443359375,214.32003831863403,7124.7578125,dimensión 300
SGNS-4,100,5,5,0.0001,0.005,5,0.25,6151627,21247088,2.100288902876831,0.12843768298625946,0.2187613546848297,0.19230438768863678,0.6240047172045531,0.40815455244659493,3.6793610572814943,18.4887056350708,1992.00634765625,25 % del corpus
SGNS-5,100,5,5,0.0001,0.005,5,0.5,12303003,42568185,2.1164871104270873,0.27998828887939453,0.34529146552085876,0.32616332173347473,0.6478939139936553,0.487028617863565,7.378087377548217,36.97588634490967,3517.205078125,50 % del corpus
SGNS-6,100,2,5,0.0001,0.005,5,1.0,24605932,43325052,2.0070884776701323,0.28613224625587463,0.4721851944923401,0.41768789291381836,0.6694215269253817,0.5435547099196001,7.62032413482666,38.1922812461853,3665.72265625,ventana 2
SGNS-7,100,10,5,0.0001,0.005,5,1.0,24605932,151783008,2.2019957079735564,0.40637800097465515,0.4378863275051117,0.4286571145057678,0.6851109402674858,0.5568840273866268,35.05687398910523,175.41458559036255,11123.71533203125,ventana 10
SGNS-8,100,5,15,0.0001,0.005,5,1.0,24605932,85173600,3.048907016373341,0.45640724897384644,0.4736395478248596,0.46859198808670044,0.6580652608951594,0.5633286244909299,27.823353242874145,139.19647693634033,6621.94873046875,15 negativos
SGNS-9,100,5,5,0.001,0.005,5,1.0,24605932,110720925,2.184222200771308,0.36658865213394165,0.48454731702804565,0.4499956965446472,0.669996170742943,0.5599959336437952,17.56694164276123,87.91884231567383,8350.00830078125,submuestreo 1e-3
SGNS-10,100,5,5,1e-05,0.005,5,1.0,24605932,49378724,2.041303344807565,0.37244004011154175,0.38019633293151855,0.3779244124889374,0.6583618690040084,0.5181431407464729,7.819906711578369,39.17365264892578,4016.22216796875,submuestreo 1e-5
SGNS-11,100,5,5,0.0001,0.002,5,1.0,24605932,85173600,2.1781299588863243,0.2451726198196411,0.4228578209877014,0.3708115518093109,0.657471907104127,0.514141729456719,13.783005475997925,68.99464297294617,6555.5791015625,learning rate 0.002
SGNS-12,100,5,5,0.0001,0.01,5,1.0,24605932,85173600,2.1304915909309483,0.4148625135421753,0.45642951130867004,0.4442540109157562,0.6890602579765436,0.56665713444615,13.440623760223389,67.2812340259552,6555.5791015625,learning rate 0.01
SGNS-final,100,5,5,0.0001,0.01,5,1.0,24605932,85173600,2.1304915909309483,0.4148625135421753,0.45642951130867004,0.4442540109157562,0.6890602579765436,0.56665713444615,13.440623760223389,67.2812340259552,6555.5791015625,mejores valores (igual a SGNS-12)
SGNS-final,100,5,5,0.0001,0.01,5,1.0,24605932,85173600,2.1304915909309483,0.4148625135421753,0.45642951130867004,0.4442540109157562,0.6890602579765436,0.56665713444615,13.440623760223389,67.2812340259552,6555.5791015625,mejores valores (igual a SGNS-12)
