modelo,relacion,pares,cos_promedio
SGNS,género,10,0.276507705450058
SGNS,país-capital,10,0.35524630546569824
SGNS,plural,10,0.30328336358070374
SGNS,pasado,10,0.43079873919487
SGNS,comparativo,10,0.3384975790977478
SGNS,pares al azar,10,-0.02259872294962406
gensim,género,10,0.268220454454422
gensim,país-capital,10,0.3616603910923004
gensim,plural,10,0.2866978645324707
gensim,pasado,10,0.4175294041633606
gensim,comparativo,10,0.3749961853027344
gensim,pares al azar,10,-0.02861851640045643
GloVe,género,10,0.5560070276260376
GloVe,país-capital,10,0.6139445304870605
GloVe,plural,10,0.36090758442878723
GloVe,pasado,10,0.5081620812416077
GloVe,comparativo,10,0.43184134364128113
GloVe,pares al azar,10,-0.030667126178741455
